episode_time_s,vehicle_order,vehicle_id,position_m,speed_mps,space_headway_m,time_headway,preceding
0.0,0,395,128.4277848,10.686288000000001,30.873192000000003,2.89,383
0.1,0,395,129.4936704,10.783824000000001,31.0134,2.88,383
0.2,0,395,130.57662480000002,10.924032000000002,31.101792000000003,2.85,383
0.3,0,395,131.6830488,11.030712,31.123128,2.82,383
0.4,0,395,132.7964832,11.061192,31.092648000000004,2.81,383
0.5,0,395,133.8989448,11.07948,31.031688000000003,2.8,383
0.6,0,395,134.99622480000002,11.195304,30.925008,2.76,383
0.7,0,395,136.11849840000002,11.426952000000002,30.763464000000003,2.69,383
0.8,0,395,137.2852728,11.625072000000001,30.550104,2.63,383
0.9,0,395,138.4739928,11.625072000000001,30.318456,2.61,383
1.0,0,395,139.64320560000002,11.39952,30.108144000000003,2.64,383
1.1,0,395,140.76639360000001,11.073384,29.940504000000004,2.7,383
1.2,0,395,141.84264240000002,10.86612,29.82468,2.74,383
1.3,0,395,142.90548,10.893552000000001,29.736288000000002,2.73,383
1.4,0,395,143.9923968,11.149584,29.638752,2.66,383
1.5,0,395,145.1283864,11.548872000000001,29.513784,2.56,383
1.6,0,395,146.3021712,11.951208000000001,29.379672000000003,2.46,383
1.7,0,395,147.5253336,12.210288000000002,29.233368,2.39,383
1.8,0,395,148.7680032,12.28344,29.09316,2.37,383
1.9,0,395,149.9975664,12.277344000000001,28.965144000000002,2.36,383
2.0,0,395,151.2161568,12.292584,28.83408,2.35,383
2.1,0,395,152.4438912,12.35964,28.675584,2.32,383
2.2,0,395,153.696924,12.380976,28.486608,2.3,383
2.3,0,395,154.9475184,12.222480000000001,28.30068,2.32,383
2.4,0,395,156.1600128,11.935967999999999,28.154376000000003,2.36,383
2.5,0,395,157.32892080000002,11.692128,28.053792000000005,2.4,383
2.6,0,395,158.4713112,11.631167999999999,27.977592000000005,2.41,383
2.7,0,395,159.6258936,11.76528,27.889200000000002,2.37,383
2.8,0,395,160.81369920000003,11.969496000000001,27.76728,2.32,383
2.9,0,395,162.0292416,12.13104,27.617928000000003,2.28,383
3.0,0,395,163.2542328,12.195048,27.465528000000003,2.25,383
3.1,0,395,164.47556640000002,12.198096000000001,27.307032000000003,2.24,383
3.2,0,395,165.6956808,12.182856000000001,27.136344,2.23,383
3.3,0,395,166.9164048,12.13104,26.956512,2.22,383
3.4,0,395,168.1310328,12.018264,26.791920000000005,2.23,383
3.5,0,395,169.3304208,11.832336000000002,26.657808,2.25,383
3.6,0,395,170.50420560000003,11.600688000000002,26.554176000000002,2.29,383
3.7,0,395,171.64872960000002,11.387328,26.474928000000002,2.32,383
3.8,0,395,172.7694792,11.262360000000001,26.420064000000004,2.35,383
3.9,0,395,173.88474240000002,11.244072000000001,26.371296,2.35,383
4.0,0,395,175.01189280000003,11.265408,26.313384,2.34,383
4.1,0,395,176.14788240000001,11.219688000000001,26.24328,2.34,383
4.2,0,395,177.2722896,11.073384,26.185368,2.36,383
4.3,0,395,178.36896000000002,10.88136,26.154888000000003,2.4,383
4.4,0,395,179.440332,10.738104,26.15184,2.44,383
4.5,0,395,180.50408400000003,10.674096000000002,26.157936,2.45,383
4.6,0,395,181.5727128,10.628376,26.157936,2.46,383
4.7,0,395,182.64042720000003,10.509504,26.142696,2.49,383
4.8,0,395,183.68954879999998,10.293096000000002,26.124408,2.54,383
4.9,0,395,184.70575200000002,10.02792,26.112216,2.6,383
5.0,0,395,185.68842720000004,9.802368,26.115264000000003,2.66,383
5.1,0,395,186.6525096,9.6774,26.1366,2.7,383
5.2,0,395,187.6114104,9.634728,26.16708,2.72,383
5.3,0,395,188.5709208,9.665208000000002,26.2128,2.71,383
5.4,0,395,189.53561280000002,9.765792,26.261568,2.69,383
5.5,0,395,190.516764,9.906,26.295096,2.65,383
5.6,0,395,191.5146792,10.0584,26.313384,2.62,383
5.7,0,395,192.528444,10.238232000000002,26.331672,2.57,383
5.8,0,395,193.5614112,10.40892,26.356056000000002,2.53,383
5.9,0,395,194.61236159999999,10.549128,26.371296,2.5,383
6.0,0,395,195.680076,10.646664000000001,26.359104000000002,2.48,383
6.1,0,395,196.751448,10.674096000000002,26.316432000000002,2.47,383
6.2,0,395,197.81763840000002,10.668000000000001,26.264616,2.46,383
6.3,0,395,198.88443840000002,10.668000000000001,26.224992000000004,2.46,383
6.4,0,395,199.95093359999998,10.674096000000002,26.206704000000002,2.46,383
6.5,0,395,201.0189528,10.677144,26.206704000000002,2.45,383
6.6,0,395,202.09002,10.643616000000002,26.206704000000002,2.46,383
6.7,0,395,203.15682,10.552176,26.209751999999998,2.48,383
6.8,0,395,204.20807520000002,10.421111999999999,26.224992000000004,2.52,383
6.9,0,395,205.2407376,10.280904,26.258520000000004,2.55,383
7.0,0,395,206.261208,10.152888,26.30424,2.59,383
7.1,0,395,207.274668,9.99744,26.356056000000002,2.64,383
7.2,0,395,208.27166880000001,9.777984,26.426160000000003,2.7,383
7.3,0,395,209.2369704,9.518904000000001,26.529792000000004,2.79,383
7.4,0,395,210.16904879999998,9.299448000000002,26.663904000000002,2.87,383
7.5,0,395,211.08222960000003,9.17448,26.819352,2.92,383
7.6,0,395,211.99144800000002,9.134856000000001,26.974800000000002,2.95,383
7.7,0,395,212.9046288,9.140952,27.127200000000002,2.97,383
7.8,0,395,213.81963840000003,9.144,27.29484,2.98,383
7.9,0,395,214.73403840000003,9.144,27.496008,3.01,383
8.0,0,395,215.64843840000003,9.144,27.736800000000002,3.03,383
8.1,0,395,216.5625336,9.144,28.014168,3.06,383
8.2,0,395,217.4769336,9.144,28.30068,3.1,383
8.3,0,395,218.3913336,9.144,28.587192,3.13,383
8.4,0,395,219.3057336,9.144,28.870656,3.16,383
8.5,0,395,220.2201336,9.144,29.154120000000002,3.19,383
8.6,0,395,221.1345336,9.144,29.425392000000002,3.22,383
8.7,0,395,222.0489336,9.144,29.666184,3.24,383
8.8,0,395,222.9633336,9.144,29.867352,3.27,383
8.9,0,395,223.8774288,9.144,30.025848000000003,3.28,383
9.0,0,395,224.7918288,9.144,30.178248000000004,3.3,383
9.1,0,395,225.7062288,9.144,30.364176000000004,3.32,383
9.2,0,395,226.6206288,9.144,30.595824,3.35,383
9.3,0,395,227.5350288,9.144,30.867096,3.38,383
9.4,0,395,228.4494288,9.144,31.174944000000004,3.41,383
9.5,0,395,229.3638288,9.144,31.488888000000003,3.44,383
9.6,0,395,230.2782288,9.144,31.793688000000003,3.48,383
9.7,0,395,231.1932384,9.137904,32.09544,3.51,383
9.8,0,395,232.10611440000002,9.134856000000001,32.403288,3.55,383
9.9,0,395,233.0156376,9.17448,32.711135999999996,3.57,383
10.0,0,395,233.927904,9.305544000000001,33.018984,3.55,383
10.1,0,395,234.859068,9.561576,33.308544000000005,3.48,383
10.2,0,395,235.8316848,9.906,33.555432,3.39,383
10.3,0,395,236.83965840000002,10.25652,33.765744000000005,3.29,383
10.4,0,395,237.8878656,10.539984,33.936432,3.22,383
10.5,0,395,238.9577136,10.75944,34.085784000000004,3.17,383
10.6,0,395,240.04249680000004,10.95756,34.222944000000005,3.12,383
10.7,0,395,241.14648240000002,11.161776,34.33572,3.08,383
10.8,0,395,242.27637600000003,11.356848,34.414968,3.03,383
10.9,0,395,243.426996,11.494008000000001,34.469832000000004,3.0,383
11.0,0,395,244.58523600000004,11.561064,34.5186,2.99,383
11.1,0,395,245.7440856,11.588496000000001,34.576512,2.98,383
11.2,0,395,246.9056784,11.585448,34.637472,2.99,383
11.3,0,395,248.0697096,11.524488000000002,34.692336,3.01,383
11.4,0,395,249.2239872,11.375136000000001,34.759392000000005,3.06,383
11.5,0,395,250.3523568,11.173968,34.847784000000004,3.12,383
11.6,0,395,251.45238000000003,11.015472,34.96056,3.17,383
11.7,0,395,252.54112560000002,10.94232,35.088576,3.21,383
11.8,0,395,253.6338336,10.920984,35.231832000000004,3.23,383
11.9,0,395,254.72593200000003,10.914888000000001,35.41776,3.24,383
12.0,0,395,255.81102,10.966704,35.64636,3.25,383
12.1,0,395,256.90037520000004,11.137392,35.914584,3.22,383
12.2,0,395,258.02234400000003,11.436096000000001,36.16452,3.16,383
12.3,0,395,259.1833272,11.777472000000001,36.371784,3.09,383
12.4,0,395,260.38667760000004,12.030456000000001,36.524184,3.04,383
12.5,0,395,261.60770640000004,12.16152,36.646104,3.01,383
12.6,0,395,262.832088,12.201144000000001,36.75888,3.01,383
12.7,0,395,264.0525072,12.195048,36.8808,3.02,383
12.8,0,395,265.270488,12.195048,37.021008,3.04,383
12.9,0,395,266.4909072,12.201144000000001,37.194744,3.05,383
13.0,0,395,267.7146792,12.170664,37.39896,3.07,383
13.1,0,395,268.93570800000003,12.063984,37.62756,3.12,383
13.2,0,395,270.1399728,11.881103999999999,37.874448,3.19,383
13.3,0,395,271.316196,11.664696000000001,38.148768000000004,3.27,383
13.4,0,395,272.4655968,11.497056,38.444424,3.34,383
13.5,0,395,273.6043296,11.39952,38.752272000000005,3.4,383
13.6,0,395,274.7394048,11.347704,39.066216,3.44,383
13.7,0,395,275.8708224,11.332464,39.3954,3.48,383
13.8,0,395,277.00224,11.344656,39.733728000000006,3.5,383
13.9,0,395,278.136096,11.365992,40.078152,3.53,383
14.0,0,395,279.274524,11.408664,40.413432,3.54,383
14.1,0,395,280.4135616,11.497056,40.745664000000005,3.54,383
14.2,0,395,281.5580856,11.68908,41.0718,3.51,383
14.3,0,395,282.7391856,12.027408000000001,41.364408000000005,3.44,383
14.4,0,395,283.965396,12.472416,41.626536,3.34,383
14.5,0,395,285.23366880000003,12.920472,41.86732800000001,3.24,383
14.6,0,395,286.5473568,13.2588,42.074592,3.17,383
14.7,0,395,287.8976208,13.450824,42.254424,3.14,383
14.8,0,395,289.2552,13.520928000000001,42.422064000000006,3.14,383
14.9,0,395,290.6094264,13.527024,42.592752000000004,3.15,383
15.0,0,395,291.9612144,13.520928000000001,42.76344,3.16,383
15.1,0,395,293.3133072,13.520928000000001,42.93412800000001,3.18,383
15.2,0,395,294.66540000000003,13.520928000000001,43.107864000000006,3.19,383
15.3,0,395,296.017188,13.520928000000001,43.278552000000005,3.2,383
15.4,0,395,297.3695856,13.520928000000001,43.452288,3.21,383
15.5,0,395,298.72167840000003,13.520928000000001,43.622976,3.23,383
15.6,0,395,300.0731616,13.523976,43.796712,3.24,383
15.7,0,395,301.4255592,13.530072,43.967400000000005,3.25,383
15.8,0,395,302.7794808,13.536168,44.138088,3.26,383
15.9,0,395,304.13401200000004,13.536168,44.30572800000001,3.27,383
16.0,0,395,305.4879336,13.53312,44.476416,3.29,383
16.1,0,395,306.8403312,13.523976,44.647104,3.3,383
16.2,0,395,308.19211920000004,13.520928000000001,44.826936,3.32,383
16.3,0,395,309.5445168,13.517880000000002,45.00372,3.33,383
16.4,0,395,310.8963048,13.508736,45.180504,3.34,383
16.5,0,395,312.24474,13.520928000000001,45.357288000000004,3.35,383
16.6,0,395,313.5922608,13.597128,45.534071999999995,3.35,383
16.7,0,395,314.9504496,13.76172,45.698664,3.32,383
16.8,0,395,316.33363199999997,13.999464000000001,45.838871999999995,3.27,383
16.9,0,395,317.7503424,14.237208,45.9486,3.23,383
17.0,0,395,319.1923512,14.401800000000001,46.030896000000006,3.2,383
17.1,0,395,320.6441136,14.474952000000002,46.101,3.18,383
17.2,0,395,322.0955712,14.487144,46.17415200000001,3.19,383
17.3,0,395,323.54337119999997,14.484096000000001,46.25035200000001,3.19,383
17.4,0,395,324.9911712,14.487144,46.32655200000001,3.2,383
17.5,0,395,326.44232400000004,14.474952000000002,46.396656,3.21,383
17.6,0,395,327.89408640000005,14.404848,15.931896000000002,1.11,394
17.7,0,395,329.33609520000005,14.246352000000002,16.099536,1.13,394
17.8,0,395,330.7540248,14.020800000000001,16.294608,1.16,394
17.9,0,395,332.1402552,13.795248,16.538448,1.2,394
18.0,0,395,333.5024064,13.636752000000001,16.831056,1.23,394
18.1,0,395,334.854804,13.566648,17.17548,1.27,394
18.2,0,395,336.20781120000004,13.554456,17.553432,1.3,394
18.3,0,395,337.5638664,13.560552000000001,17.946624,1.32,394
18.4,0,395,338.9205312,13.563600000000001,18.336768,1.35,394
18.5,0,395,340.2768912,13.560552000000001,18.717768,1.38,394
18.6,0,395,341.63264160000006,13.560552000000001,19.098768,1.41,394
18.7,0,395,342.9880872,13.569696000000002,19.479768,1.44,394
18.8,0,395,344.3441424,13.591032000000002,19.866864000000003,1.46,394
18.9,0,395,345.7038552,13.630656,20.244816,1.49,394
19.0,0,395,347.06935920000006,13.670280000000002,20.60448,1.51,394
19.1,0,395,348.43974000000003,13.70076,20.939760000000003,1.53,394
19.2,0,395,349.81225440000003,13.716000000000001,21.268944,1.55,394
19.3,0,395,351.1832448,13.728192,21.616416,1.57,394
19.4,0,395,352.55606400000005,13.749528,21.99132,1.6,394
19.5,0,395,353.9328456,13.76172,22.375368,1.63,394
19.6,0,395,355.311456,13.76172,22.762464000000005,1.65,394
19.7,0,395,356.6885424,13.746480000000002,23.146512,1.68,394
19.8,0,395,358.0610568,13.725144,23.533608,1.71,394
19.9,0,395,359.43143760000004,13.716000000000001,23.9268,1.74,394
20.0,0,395,360.80303760000004,13.716000000000001,24.313896,1.77,394
0.0,1,399,111.3672144,10.783824000000001,17.059656,1.58,395
0.1,1,399,112.4501688,10.92708,17.044416000000002,1.56,395
0.2,1,399,113.55720240000001,11.033760000000001,17.020032,1.54,395
0.3,1,399,114.67124640000002,11.058144,17.010888,1.54,395
0.4,1,399,115.76364960000001,11.15568,17.032224000000003,1.53,395
0.5,1,399,116.89019040000001,11.573256,17.00784,1.47,395
0.6,1,399,118.09902720000001,12.380976,16.898112,1.36,395
0.7,1,399,119.3834544,13.341096000000002,16.733520000000002,1.25,395
0.8,1,399,120.7340232,13.978128,16.55064,1.18,395
0.9,1,399,122.18883360000001,13.923264000000001,16.285464,1.17,395
1.0,1,399,123.53025840000001,13.19784,16.111728,1.22,395
1.1,1,399,124.79914080000002,12.188952,15.968472,1.31,395
1.2,1,399,125.9857272,11.326367999999999,15.855696000000002,1.4,395
1.3,1,399,127.09337040000001,10.83564,15.813024000000002,1.46,395
1.4,1,399,128.1479784,10.680192,15.843504,1.48,395
1.5,1,399,129.2129496,10.664952000000001,15.916656,1.49,395
1.6,1,399,130.2794448,10.664952000000001,16.023336,1.5,395
1.7,1,399,131.3462448,10.664952000000001,16.178784,1.52,395
1.8,1,399,132.4130448,10.661904,16.355567999999998,1.53,395
1.9,1,399,133.4783208,10.655808,16.52016,1.55,395
2.0,1,399,134.5405488,10.689336,16.675608,1.56,395
2.1,1,399,135.6064344,10.783824000000001,16.837152000000003,1.56,395
2.2,1,399,136.68938880000002,10.92708,17.00784,1.56,395
2.3,1,399,137.79581280000002,11.039856,17.151096000000003,1.55,395
2.4,1,399,138.91412400000002,11.039856,17.245584,1.56,395
2.5,1,399,140.020548,10.92708,17.309592000000002,1.58,395
2.6,1,399,141.1035024,10.783824000000001,17.367504,1.61,395
2.7,1,399,142.169388,10.689336,17.455896000000003,1.63,395
2.8,1,399,143.2313112,10.655808,17.583912,1.65,395
2.9,1,399,144.2965872,10.661904,17.733264000000002,1.66,395
3.0,1,399,145.36369200000001,10.664952000000001,17.89176,1.68,395
3.1,1,399,146.43140640000001,10.658856,18.04416,1.69,395
3.2,1,399,147.4997304,10.613136,18.19656,1.71,395
3.3,1,399,148.5522048,10.600944,18.3642,1.73,395
3.4,1,399,149.5946208,10.786872,18.534888000000002,1.72,395
3.5,1,399,150.7004352,11.237976,18.629376,1.66,395
3.6,1,399,151.8608088,11.908536000000002,18.644616000000003,1.57,395
3.7,1,399,153.0821424,12.597384,18.565368,1.47,395
3.8,1,399,154.3595592,13.078968,18.40992,1.41,395
3.9,1,399,155.6991552,13.325856,18.184368,1.36,395
4.0,1,399,157.04759040000002,13.408152000000001,17.964912,1.34,395
4.1,1,399,158.39023440000003,13.408152000000001,17.757648,1.32,395
4.2,1,399,159.7286112,13.408152000000001,17.544288,1.31,395
4.3,1,399,161.07186480000001,13.408152000000001,17.2974,1.29,395
4.4,1,399,162.41969040000004,13.322808,17.020032,1.28,395
4.5,1,399,163.75776240000002,13.094208,16.745712,1.28,395
4.6,1,399,165.046152,12.704064,16.526256,1.3,395
4.7,1,399,166.2921744,12.225528,16.349472000000002,1.34,395
4.8,1,399,167.49582960000004,11.838432000000001,16.194024000000002,1.37,395
4.9,1,399,168.64766880000002,11.661648,16.056864,1.38,395
5.0,1,399,169.8001176,11.661648,15.889224000000002,1.36,395
5.1,1,399,170.97329280000002,11.713464,15.678912,1.34,395
5.2,1,399,172.1565264,11.686032,15.456408000000001,1.32,395
5.3,1,399,173.3242152,11.573256,15.246096000000001,1.32,395
5.4,1,399,174.47117760000003,11.44524,15.063216,1.32,395
5.5,1,399,175.60716720000002,11.356848,14.910816,1.31,395
5.6,1,399,176.7394992,11.29284,14.776704,1.31,395
5.7,1,399,177.86634480000004,11.237976,14.66088,1.3,395
5.8,1,399,178.9858752,11.189208,14.575536000000001,1.3,395
5.9,1,399,180.10296720000002,11.134344,14.50848,1.3,395
6.0,1,399,181.21792560000003,11.049000000000001,14.462760000000001,1.31,395
6.1,1,399,182.32008240000002,10.924032000000002,14.43228,1.32,395
6.2,1,399,183.40395120000002,10.78992,14.413992,1.34,395
6.3,1,399,184.47440880000002,10.668000000000001,14.410944,1.35,395
6.4,1,399,185.5372464,10.543032000000002,14.413992,1.37,395
6.5,1,399,186.5903304,10.381488000000001,14.429232000000003,1.39,395
6.6,1,399,187.6217736,10.158984,14.468856,1.42,395
6.7,1,399,188.62548,9.906,14.532864,1.47,395
6.8,1,399,189.6029736,9.653016000000001,14.606016000000002,1.51,395
6.9,1,399,190.5560832,9.393936,14.685264,1.56,395
7.0,1,399,191.47962720000004,9.156192,14.7828,1.61,395
7.1,1,399,192.3763488,9.009888,14.898624000000002,1.65,395
7.2,1,399,193.26301200000003,8.97636,15.008352000000002,1.67,395
7.3,1,399,194.15394240000003,9.0678,15.084552000000002,1.66,395
7.4,1,399,195.0634656,9.275064,15.105888000000002,1.63,395
7.5,1,399,195.9973728,9.564624,15.084552000000002,1.58,395
7.6,1,399,196.9718184,9.912096000000002,15.020544000000001,1.52,395
7.7,1,399,197.9846688,10.219944000000002,14.919960000000001,1.46,395
7.8,1,399,199.03683840000002,10.341864000000001,14.7828,1.43,395
7.9,1,399,200.08900800000004,10.219944000000002,14.64564,1.43,395
8.0,1,399,201.1021632,9.915144000000002,14.545056,1.47,395
8.1,1,399,202.0766088,9.564624,14.487144,1.51,395
8.2,1,399,203.0071632,9.305544000000001,14.468856,1.55,395
8.3,1,399,203.91942960000003,9.17448,14.471904,1.58,395
8.4,1,399,204.8289528,9.137904,14.478000000000002,1.58,395
8.5,1,399,205.7421336,9.140952,14.478000000000002,1.58,395
8.6,1,399,206.6571432,9.144,14.478000000000002,1.58,395
8.7,1,399,207.5715432,9.144,14.478000000000002,1.58,395
8.8,1,399,208.48563840000003,9.144,14.478000000000002,1.58,395
8.9,1,399,209.40003840000003,9.144,14.478000000000002,1.58,395
9.0,1,399,210.31443840000003,9.144,14.478000000000002,1.58,395
9.1,1,399,211.22883840000003,9.144,14.478000000000002,1.58,395
9.2,1,399,212.14323840000003,9.144,14.478000000000002,1.58,395
9.3,1,399,213.05763840000003,9.144,14.478000000000002,1.58,395
9.4,1,399,213.97203840000003,9.144,14.478000000000002,1.58,395
9.5,1,399,214.88643840000003,9.144,14.478000000000002,1.58,395
9.6,1,399,215.80083840000003,9.144,14.478000000000002,1.58,395
9.7,1,399,216.71523840000003,9.144,14.478000000000002,1.58,395
9.8,1,399,217.62963840000003,9.144,14.478000000000002,1.58,395
9.9,1,399,218.54403840000003,9.144,14.471904,1.58,395
10.0,1,399,219.45843840000003,9.144,14.468856,1.58,395
10.1,1,399,220.37283840000003,9.144,14.487144,1.58,395
10.2,1,399,221.28723840000004,9.144,14.545056,1.59,395
10.3,1,399,222.2013336,9.144,14.639544,1.6,395
10.4,1,399,223.1157336,9.144,14.773656,1.62,395
10.5,1,399,224.0301336,9.144,14.929104,1.63,395
10.6,1,399,224.9445336,9.144,15.096744000000001,1.65,395
10.7,1,399,225.85954320000002,9.137904,15.28572,1.67,395
10.8,1,399,226.77241920000003,9.134856000000001,15.505176,1.7,395
10.9,1,399,227.6816376,9.17448,15.745968,1.72,395
11.0,1,399,228.593904,9.305544000000001,15.992856,1.72,395
11.1,1,399,229.525068,9.561576,16.218408,1.7,395
11.2,1,399,230.4979896,9.906,16.407384,1.66,395
11.3,1,399,231.506268,10.250424,16.562832,1.62,395
11.4,1,399,232.556304,10.503408,16.666464,1.59,395
11.5,1,399,233.6252376,10.63752,16.727424000000003,1.57,395
11.6,1,399,234.6972192,10.677144,16.754856,1.57,395
11.7,1,399,235.7649336,10.677144,16.776192,1.57,395
11.8,1,399,236.83203840000002,10.671048,16.800576,1.57,395
11.9,1,399,237.89883840000002,10.674096000000002,16.828008,1.58,395
12.0,1,399,238.9619808,10.725912,16.849344000000002,1.57,395
12.1,1,399,240.0290856,10.88136,16.87068,1.55,395
12.2,1,399,241.1214888,11.17092,16.90116,1.51,395
12.3,1,399,242.2590024,11.558016,16.925544000000002,1.46,395
12.4,1,399,243.431568,11.93292,16.956024000000003,1.42,395
12.5,1,399,244.6519872,12.195048,16.956024000000003,1.39,395
12.6,1,399,245.88947520000002,12.329160000000002,16.943832,1.37,395
12.7,1,399,247.1297064,12.374880000000001,16.922496000000002,1.37,395
12.8,1,399,248.3687184,12.380976,16.90116,1.37,395
12.9,1,399,249.60894960000002,12.362688000000002,16.882872000000003,1.37,395
13.0,1,399,250.84613280000002,12.320016,16.867632,1.37,395
13.1,1,399,252.07478160000002,12.259056000000001,16.861536,1.38,395
13.2,1,399,253.29550560000004,12.210288000000002,16.843248,1.38,395
13.3,1,399,254.51287680000002,12.188952,16.803624000000003,1.38,395
13.4,1,399,255.7308576,12.185903999999999,16.733520000000002,1.37,395
13.5,1,399,256.9497528,12.188952,16.654272000000002,1.37,395
13.6,1,399,258.168648,12.188952,16.571976,1.36,395
13.7,1,399,259.387848,12.188952,16.483584,1.35,395
13.8,1,399,260.60674320000004,12.188952,16.395192,1.35,395
13.9,1,399,261.826248,12.182856000000001,16.309848,1.34,395
14.0,1,399,263.0436192,12.176760000000002,16.230600000000003,1.33,395
14.1,1,399,264.258552,12.204192,16.154400000000003,1.32,395
14.2,1,399,265.47714240000005,12.277344000000001,16.081248,1.31,395
14.3,1,399,266.70731520000004,12.39012,16.03248,1.29,395
14.4,1,399,267.9560808,12.502896000000002,16.008096000000002,1.28,395
14.5,1,399,269.2158192,12.560808000000002,16.01724,1.28,395
14.6,1,399,270.4715952,12.606528,16.075152000000003,1.28,395
14.7,1,399,271.72767600000003,12.719304,16.16964,1.27,395
14.8,1,399,273.00174,12.899136,16.251936,1.26,395
14.9,1,399,274.30201680000005,13.130784,16.3068,1.24,395
15.0,1,399,275.6309448,13.356336,16.331184,1.22,395
15.1,1,399,276.9827328,13.493496000000002,16.331184,1.21,395
15.2,1,399,278.34488400000004,13.514832000000002,16.318992,1.21,395
15.3,1,399,279.7024632,13.444728000000001,16.315944000000002,1.21,395
15.4,1,399,281.0374872,13.35024,16.331184,1.22,395
15.5,1,399,282.3572712,13.344144000000002,16.364712,1.23,395
15.6,1,399,283.68894240000003,13.453872,16.383,1.22,395
15.7,1,399,285.0440832,13.597128,16.379952000000003,1.2,395
15.8,1,399,286.41598799999997,13.691616000000002,16.364712,1.2,395
15.9,1,399,287.7918552,13.725144,16.343376,1.19,395
16.0,1,399,289.1649792,13.722096000000002,16.32204,1.19,395
16.1,1,399,290.5359696,13.716000000000001,16.303752000000003,1.19,395
16.2,1,399,291.9075696,13.716000000000001,16.285464,1.19,395
16.3,1,399,293.2791696,13.712952000000001,16.264128,1.19,395
16.4,1,399,294.6507696,13.709904,16.24584,1.18,395
16.5,1,399,296.0214552,13.706856,16.224504,1.18,395
16.6,1,399,297.391836,13.70076,16.200120000000002,1.18,395
16.7,1,399,298.76191200000005,13.691616000000002,16.187928,1.18,395
16.8,1,399,300.1298544,13.688568,16.203167999999998,1.18,395
16.9,1,399,301.4941392,13.73124,16.254984,1.18,395
17.0,1,399,302.8633008,13.865352000000001,16.328136,1.18,395
17.1,1,399,304.25227440000003,14.097000000000001,16.392144000000002,1.16,395
17.2,1,399,305.6766048,14.37132,16.419576,1.14,395
17.3,1,399,307.1375112,14.563344,16.407384,1.13,395
17.4,1,399,308.6136576,14.590776,16.376904,1.12,395
17.5,1,399,310.07944080000004,14.459712,16.361664,1.13,395
17.6,1,399,311.51870640000004,14.225016000000002,16.376904,1.15,395
17.7,1,399,312.9247488,13.99032,16.410432,1.17,395
17.8,1,399,314.30427360000004,13.85316,16.450056,1.19,395
17.9,1,399,315.675264,13.85316,16.465296000000002,1.19,395
18.0,1,399,317.057532,13.95984,16.44396,1.18,395
18.1,1,399,318.4635744,14.100048,16.392144000000002,1.16,395
18.2,1,399,319.88577119999997,14.194536000000001,16.32204,1.15,395
18.3,1,399,321.30857760000004,14.252448,16.254984,1.14,395
18.4,1,399,322.7347368,14.313408,16.18488,1.13,395
18.5,1,399,324.16821120000003,14.383512,16.10868,1.12,395
18.6,1,399,325.6099152,14.478000000000002,16.023336,1.11,395
18.7,1,399,327.06076320000005,14.602967999999999,15.928848,1.09,395
18.8,1,399,328.52654640000003,14.743176,15.816072,1.07,395
18.9,1,399,330.0127512,14.849856,15.691104,1.06,395
19.0,1,399,331.5093192,14.883384,15.56004,1.05,395
19.1,1,399,333.0010104,14.834616,15.43812,1.04,395
19.2,1,399,334.48111919999997,14.734032000000001,15.33144,1.04,395
19.3,1,399,335.9514744,14.609064,15.230856000000001,1.04,395
19.4,1,399,337.40719920000004,14.465808,15.148560000000002,1.05,395
19.5,1,399,338.8406736,14.359128,15.090648,1.05,395
19.6,1,399,340.261956,14.362176,15.051024000000002,1.05,395
19.7,1,399,341.692992,14.499336000000001,14.996160000000001,1.03,395
19.8,1,399,343.1496312,14.724888000000002,14.910816,1.01,395
19.9,1,399,344.63736000000006,14.962632000000001,14.794992,0.99,395
20.0,1,399,346.150692,15.133320000000001,14.651736000000001,0.97,395
0.0,2,405,91.22023920000001,9.73836,20.14728,2.07,399
0.1,2,405,92.20139040000001,9.665208000000002,20.247864000000003,2.1,399
0.2,2,405,93.1657776,9.503664,20.391120000000004,2.15,399
0.3,2,405,94.10456160000001,9.323832000000001,20.567904000000002,2.21,399
0.4,2,405,95.02261920000001,9.195816,20.74164,2.26,399
0.5,2,405,95.92909440000001,9.17448,20.961096,2.28,399
0.6,2,405,96.83831280000001,9.2964,21.259800000000002,2.29,399
0.7,2,405,97.7682576,9.552432,21.616416,2.26,399
0.8,2,405,98.741484,9.906,21.99132,2.22,399
0.9,2,405,99.7494576,10.25652,22.439376000000003,2.19,399
1.0,2,405,100.800408,10.509504,22.728935999999997,2.16,399
1.1,2,405,101.86964640000001,10.640568,22.930104000000004,2.15,399
1.2,2,405,102.9419328,10.677144,23.04288,2.16,399
1.3,2,405,104.017572,10.603992,23.076408,2.18,399
1.4,2,405,105.0764472,10.439400000000001,23.070312,2.21,399
1.5,2,405,106.1042328,10.323576,23.109935999999998,2.24,399
1.6,2,405,107.1198264,10.323576,23.158704000000004,2.24,399
1.7,2,405,108.14730720000001,10.436352000000001,23.198328,2.22,399
1.8,2,405,109.2064872,10.594848,23.207472000000003,2.19,399
1.9,2,405,110.2806024,10.664952000000001,23.198328,2.18,399
2.0,2,405,111.34740240000001,10.664952000000001,23.192232,2.17,399
2.1,2,405,112.41389760000001,10.664952000000001,23.192232,2.17,399
2.2,2,405,113.4803928,10.664952000000001,23.207472000000003,2.18,399
2.3,2,405,114.54688800000001,10.664952000000001,23.250144000000002,2.18,399
2.4,2,405,115.61368800000001,10.664952000000001,23.298912,2.18,399
2.5,2,405,116.68018320000002,10.664952000000001,23.341584,2.19,399
2.6,2,405,117.7460688,10.671048,23.356824,2.19,399
2.7,2,405,118.81378320000002,10.674096000000002,23.356824,2.19,399
2.8,2,405,119.88576480000002,10.63752,23.344632,2.19,399
2.9,2,405,120.9543936,10.509504,23.341584,2.22,399
3.0,2,405,122.00260080000001,10.283952000000001,23.359872000000003,2.27,399
3.1,2,405,123.01301280000001,10.055352000000001,23.417784,2.33,399
3.2,2,405,123.9944688,9.957816000000001,23.506176000000004,2.36,399
3.3,2,405,124.981716,9.994392,23.570184,2.36,399
3.4,2,405,125.9887752,10.064496000000002,23.60676,2.35,399
3.5,2,405,127.001016,10.1346,23.6982,2.34,399
3.6,2,405,128.0086848,10.259568,23.8506,2.32,399
3.7,2,405,129.035556,10.546080000000002,24.045672,2.28,399
3.8,2,405,130.11576720000002,11.006328,24.243792000000003,2.2,399
3.9,2,405,131.2359072,11.457432000000003,24.463248000000004,2.14,399
4.0,2,405,132.4078632,11.756136000000001,24.640032,2.1,399
4.1,2,405,133.6051176,11.8872,24.786336,2.09,399
4.2,2,405,134.7996288,11.896344000000001,24.929592000000003,2.1,399
4.3,2,405,135.98591040000002,11.893296000000001,25.08504,2.11,399
4.4,2,405,137.1703632,11.954256,25.249632000000002,2.11,399
4.5,2,405,138.3615216,12.118848,25.395936,2.1,399
4.6,2,405,139.578588,12.411456000000001,25.46604,2.05,399
4.7,2,405,140.84076480000002,12.804648,25.4508,1.99,399
4.8,2,405,142.1401272,13.200888,25.356312,1.92,399
4.9,2,405,143.4836856,13.508736,25.164288000000003,1.86,399
5.0,2,405,144.8562,13.68552,24.944832,1.82,399
5.1,2,405,146.2396872,13.719048,24.734520000000003,1.8,399
5.2,2,405,147.6274416,13.520928000000001,24.530304,1.81,399
5.3,2,405,148.9514928,13.057632000000002,24.371807999999998,1.87,399
5.4,2,405,150.2212896,12.408408000000001,24.249888000000002,1.95,399
5.5,2,405,151.43043120000002,11.704320000000001,24.176736,2.07,399
5.6,2,405,152.5773936,11.137392,24.161496,2.17,399
5.7,2,405,153.6661392,10.817352000000001,24.201120000000003,2.24,399
5.8,2,405,154.725624,10.677144,24.259032,2.27,399
5.9,2,405,155.7857184,10.634472,24.316944000000003,2.29,399
6.0,2,405,156.86166240000003,10.524744,24.356568,2.31,399
6.1,2,405,157.9089552,10.198608,24.411432,2.39,399
6.2,2,405,158.8958976,9.643872,24.508968,2.54,399
6.3,2,405,159.82919520000002,9.012936,24.646128,2.73,399
6.4,2,405,160.7085432,8.598408000000001,24.829007999999998,2.89,399
6.5,2,405,161.522664,8.598408000000001,25.066752,2.92,399
6.6,2,405,162.402012,9.012936,25.219152,2.8,399
6.7,2,405,163.33744320000002,9.671304000000001,25.289256,2.61,399
6.8,2,405,164.33292,10.308336,25.270968,2.45,399
6.9,2,405,165.382956,10.786872,25.173432000000002,2.33,399
7.0,2,405,166.4869416,11.106912,24.9936,2.25,399
7.1,2,405,167.61439680000004,11.30808,24.761952,2.19,399
7.2,2,405,168.75495840000002,11.463528,24.508968,2.14,399
7.3,2,405,169.9116744,11.579352000000002,24.240744000000003,2.09,399
7.4,2,405,171.07936320000002,11.628120000000001,23.984712000000002,2.06,399
7.5,2,405,172.24674720000002,11.618976,23.750016000000002,2.04,399
7.6,2,405,173.406816,11.588496000000001,23.564088,2.03,399
7.7,2,405,174.56170319999998,11.558016,23.42388,2.03,399
7.8,2,405,175.7162856,11.539728,23.320248000000003,2.02,399
7.9,2,405,176.86873440000002,11.542776,23.219664,2.01,399
8.0,2,405,178.0178304,11.594592,23.085552,1.99,399
8.1,2,405,179.17332720000002,11.740896000000001,22.902672000000003,1.95,399
8.2,2,405,180.35442720000003,11.960352000000002,22.652735999999997,1.89,399
8.3,2,405,181.5675312,12.167616,22.350984,1.84,399
8.4,2,405,182.8004472,12.295632000000001,22.027896,1.79,399
8.5,2,405,184.0391544,12.341352,21.701760000000004,1.76,399
8.6,2,405,185.27420400000003,12.338303999999999,21.38172,1.73,399
8.7,2,405,186.5080344,12.323064,21.064728000000002,1.71,399
8.8,2,405,187.7528376,12.182856000000001,20.732496,1.7,399
8.9,2,405,188.9510064,11.713464,20.449032000000003,1.75,399
9.0,2,405,190.0674888,10.847832000000002,20.247864000000003,1.87,399
9.1,2,405,191.089788,9.683496,20.138136,2.08,399
9.2,2,405,192.0084552,8.558784,20.135088000000003,2.35,399
9.3,2,405,192.8463504,7.9248,20.211288000000003,2.55,399
9.4,2,405,193.580004,7.927848000000001,20.391120000000004,2.57,399
9.5,2,405,194.4011352,8.363712000000001,20.485608,2.45,399
9.6,2,405,195.2570136,8.88492,20.543520000000004,2.31,399
9.7,2,405,196.17781440000002,9.208008000000001,20.537423999999998,2.23,399
9.8,2,405,197.11568400000002,9.293352,20.51304,2.21,399
9.9,2,405,198.04593359999998,9.299448000000002,20.4978,2.2,399
10.0,2,405,198.974964,9.305544000000001,20.482560000000003,2.2,399
10.1,2,405,199.90277520000004,9.348216,20.470368,2.19,399
10.2,2,405,200.83485360000003,9.46404,20.45208,2.16,399
10.3,2,405,201.7812576,9.6774,20.4216,2.11,399
10.4,2,405,202.75753200000003,9.973056,20.357592000000004,2.04,399
10.5,2,405,203.7737352,10.280904,20.257008,1.97,399
10.6,2,405,204.8246856,10.515600000000001,20.119848,1.91,399
10.7,2,405,205.89361920000002,10.643616000000002,19.9644,1.88,399
10.8,2,405,206.9659056,10.680192,19.805904,1.85,399
10.9,2,405,208.0345344,10.674096000000002,19.647408,1.84,399
11.0,2,405,209.1013344,10.664952000000001,19.491960000000002,1.83,399
11.1,2,405,210.16722000000001,10.658856,19.357848,1.82,399
11.2,2,405,211.2318864,10.658856,19.266408000000002,1.81,399
11.3,2,405,212.297772,10.664952000000001,19.208496,1.8,399
11.4,2,405,213.3648768,10.671048,19.190208000000002,1.8,399
11.5,2,405,214.43198160000003,10.677144,19.193256,1.8,399
11.6,2,405,215.50030560000002,10.677144,19.196304,1.8,399
11.7,2,405,216.571068,10.646664000000001,19.193256,1.8,399
11.8,2,405,217.63847760000002,10.552176,19.193256,1.82,399
11.9,2,405,218.6927808,10.387584,19.205448,1.85,399
12.0,2,405,219.72422400000002,10.155936,19.238976,1.89,399
12.1,2,405,220.7276256,9.902952,19.302984000000002,1.95,399
12.2,2,405,221.70176640000003,9.674352,19.418808000000002,2.01,399
12.3,2,405,222.650304,9.534144000000001,19.607784,2.06,399
12.4,2,405,223.5884784,9.534144000000001,19.84248,2.08,399
12.5,2,405,224.5367112,9.671304000000001,20.1168,2.08,399
12.6,2,405,225.51085200000003,9.899904,20.378928000000002,2.06,399
12.7,2,405,226.51425360000002,10.155936,20.616672,2.03,399
12.8,2,405,227.54569680000003,10.387584,20.823936,2.0,399
12.9,2,405,228.60000000000002,10.555224,21.009864000000004,1.99,399
13.0,2,405,229.66740959999998,10.646664000000001,21.177504000000003,1.99,399
13.1,2,405,230.7384768,10.677144,21.336000000000002,2.0,399
13.2,2,405,231.806496,10.674096000000002,21.488400000000002,2.01,399
13.3,2,405,232.87268640000002,10.668000000000001,21.640800000000002,2.03,399
13.4,2,405,233.93948640000002,10.668000000000001,21.790152,2.04,399
13.5,2,405,235.0065912,10.668000000000001,21.942552,2.06,399
13.6,2,405,236.0724768,10.671048,22.094952,2.07,399
13.7,2,405,237.13683840000002,10.704576,22.250400000000003,2.08,399
13.8,2,405,238.20394320000003,10.811256,22.402800000000003,2.07,399
13.9,2,405,239.2853736,11.009376,22.53996,2.05,399
14.0,2,405,240.39484560000002,11.280648,22.649688,2.01,399
14.1,2,405,241.5408936,11.548872000000001,22.716744000000002,1.97,399
14.2,2,405,242.7165072,11.740896000000001,22.759416,1.94,399
14.3,2,405,243.90461760000002,11.82624,22.802088,1.93,399
14.4,2,405,245.091204,11.844528,22.866096,1.93,399
14.5,2,405,246.2744376,11.844528,22.942296,1.94,399
14.6,2,405,247.461024,11.829288000000002,23.009352,1.95,399
14.7,2,405,248.649744,11.746992,23.076408,1.96,399
14.8,2,405,249.82627200000002,11.554967999999999,23.176992000000002,2.01,399
14.9,2,405,250.973844,11.271504,23.329392000000002,2.07,399
15.0,2,405,252.08118240000002,10.981944,23.548848000000003,2.14,399
15.1,2,405,253.1543832,10.817352000000001,23.829264000000002,2.2,399
15.2,2,405,254.2163064,10.847832000000002,24.127968,2.22,399
15.3,2,405,255.2952984,11.073384,24.408384,2.2,399
15.4,2,405,256.4200104,11.423904,24.618696,2.15,399
15.5,2,405,257.58038400000004,11.771376,24.777192000000003,2.1,399
15.6,2,405,258.7822104,12.024360000000001,24.908256,2.07,399
15.7,2,405,260.0038488,12.152376,25.039320000000004,2.06,399
15.8,2,405,261.22640160000003,12.185903999999999,25.188672,2.07,399
15.9,2,405,262.44255360000005,12.201144000000001,25.350216000000003,2.08,399
16.0,2,405,263.6599248,12.265152,25.505664000000003,2.08,399
16.1,2,405,264.8900976,12.356592000000001,25.645872,2.08,399
16.2,2,405,266.1358152,12.414503999999999,25.77084,2.08,399
16.3,2,405,267.38549520000004,12.393168,25.892760000000003,2.09,399
16.4,2,405,268.6238976,12.310872000000002,26.026872,2.11,399
16.5,2,405,269.84706000000006,12.228576,26.173176,2.14,399
16.6,2,405,271.0626024,12.185903999999999,26.328624,2.16,399
16.7,2,405,272.2790592,12.182856000000001,26.484072,2.17,399
16.8,2,405,273.500088,12.170664,26.630376000000002,2.19,399
16.9,2,405,274.7183736,12.127992,26.77668,2.21,399
17.0,2,405,275.9259912,12.091416,26.938224,2.23,399
17.1,2,405,277.12720800000005,12.121896000000001,27.124152,2.24,399
17.2,2,405,278.3351304,12.246864,27.340560000000004,2.23,399
17.3,2,405,279.5653032,12.454128,27.572208,2.21,399
17.4,2,405,280.8253464,12.667488,27.788616,2.19,399
17.5,2,405,282.1064208,12.829032000000002,27.971496000000002,2.18,399
17.6,2,405,283.398468,12.954,28.120848000000002,2.17,399
17.7,2,405,284.6972208,13.07592,28.227528,2.16,399
17.8,2,405,286.0066416,13.237464000000001,28.297632000000004,2.14,399
17.9,2,405,287.339532,13.435584,28.334208,2.11,399
18.0,2,405,288.6980256,13.603224,28.358592,2.08,399
18.1,2,405,290.07084480000003,13.697712,28.392120000000002,2.07,399
18.2,2,405,291.4473216,13.725144,28.43784,2.07,399
18.3,2,405,292.8216648,13.70076,28.486608,2.08,399
18.4,2,405,294.19113120000003,13.648944,28.544520000000002,2.09,399
18.5,2,405,295.55419680000006,13.581888000000001,28.614624,2.11,399
18.6,2,405,296.9078136,13.514832000000002,28.703016,2.12,399
18.7,2,405,298.2541152,13.466064000000001,28.806648000000003,2.14,399
18.8,2,405,299.5964544,13.447776,28.928568000000002,2.15,399
18.9,2,405,300.9384888,13.466064000000001,29.074872000000003,2.16,399
19.0,2,405,302.2844856,13.523976,29.224224,2.16,399
19.1,2,405,303.6399312,13.597128,29.361384,2.16,399
19.2,2,405,305.00513040000004,13.664184,29.477208,2.16,399
19.3,2,405,306.37734,13.706856,29.574744000000003,2.16,399
19.4,2,405,307.750464,13.719048,29.657040000000002,2.16,399
19.5,2,405,309.12267360000004,13.719048,29.718,2.17,399
19.6,2,405,310.49427360000004,13.716000000000001,29.766768,2.17,399
19.7,2,405,311.86587360000004,13.716000000000001,29.827728,2.17,399
19.8,2,405,313.23747360000004,13.716000000000001,29.913072000000003,2.18,399
19.9,2,405,314.608464,13.722096000000002,14.103096000000003,1.03,396
20.0,2,405,315.981588,13.725144,13.889736000000001,1.01,396
0.0,3,411,73.82347440000001,8.196072000000001,17.397984,2.12,405
0.1,3,411,74.642472,8.193024,17.559528,2.14,405
0.2,3,411,75.4620792,8.193024,17.702784,2.16,405
0.3,3,411,76.282296,8.177783999999999,17.821656,2.18,405
0.4,3,411,77.09855040000001,8.165592,17.925288000000002,2.2,405
0.5,3,411,77.90992800000001,8.202168,18.019776,2.2,405
0.6,3,411,78.7249632,8.330184,18.114264000000002,2.17,405
0.7,3,411,79.56042,8.56488,18.208752,2.13,405
0.8,3,411,80.4300144,8.857488,18.312384,2.07,405
0.9,3,411,81.33374640000001,9.147048000000002,18.416016000000003,2.01,405
1.0,3,411,82.26430080000002,9.406128,18.534888000000002,1.97,405
1.1,3,411,83.2174104,9.64692,18.650712,1.93,405
1.2,3,411,84.19581840000001,9.866375999999999,18.7452,1.9,405
1.3,3,411,85.20013440000001,10.009632000000002,18.818352,1.88,405
1.4,3,411,86.21603280000001,10.030968,18.861024,1.88,405
1.5,3,411,87.2224824,9.95172,18.882360000000002,1.9,405
1.6,3,411,88.20698639999999,9.863328000000001,18.91284,1.92,405
1.7,3,411,89.1811272,9.863328000000001,18.964656,1.92,405
1.8,3,411,90.16776480000001,9.930384,19.037808000000002,1.92,405
1.9,3,411,91.1696424,9.991344000000002,19.110960000000002,1.91,405
2.0,3,411,92.1742632,10.012680000000001,19.17192,1.91,405
2.1,3,411,93.1733976,10.015728000000001,19.242024,1.92,405
2.2,3,411,94.17192240000001,10.043160000000002,19.30908,1.92,405
2.3,3,411,95.1786768,10.10412,19.366992,1.92,405
2.4,3,411,96.19213680000001,10.177272,19.421856000000002,1.91,405
2.5,3,411,97.20986400000001,10.277856,19.470624,1.89,405
2.6,3,411,98.24130720000001,10.418064000000001,19.504152,1.87,405
2.7,3,411,99.2928672,10.555224,19.519392000000003,1.85,405
2.8,3,411,100.359972,10.643616000000002,19.525488000000003,1.83,405
2.9,3,411,101.4310392,10.677144,19.52244,1.83,405
3.0,3,411,102.49905840000001,10.671048,19.504152,1.83,405
3.1,3,411,103.5652488,10.668000000000001,19.44624,1.82,405
3.2,3,411,104.63905919999999,10.603992,19.3548,1.83,405
3.3,3,411,105.6991536,10.457688000000001,19.281648,1.84,405
3.4,3,411,106.730292,10.351008,19.257264,1.86,405
3.5,3,411,107.75015280000001,10.351008,19.251168,1.86,405
3.6,3,411,108.7809864,10.45464,19.226784000000002,1.84,405
3.7,3,411,109.84047120000001,10.600944,19.196304,1.81,405
3.8,3,411,110.91397680000001,10.664952000000001,19.2024,1.8,405
3.9,3,411,111.98077680000002,10.664952000000001,19.254216000000003,1.81,405
4.0,3,411,113.047272,10.664952000000001,19.360896,1.82,405
4.1,3,411,114.11376720000001,10.664952000000001,19.491960000000002,1.83,405
4.2,3,411,115.17995760000001,10.671048,19.619976,1.84,405
4.3,3,411,116.24767200000001,10.674096000000002,19.738848,1.85,405
4.4,3,411,117.31873920000001,10.643616000000002,19.851624,1.87,405
4.5,3,411,118.38553920000001,10.552176,19.976592000000004,1.89,405
4.6,3,411,119.4364896,10.418064000000001,20.141184,1.93,405
4.7,3,411,120.4688472,10.277856,20.372832000000002,1.98,405
4.8,3,411,121.48840320000001,10.155936,20.6502,2.03,405
4.9,3,411,122.500644,10.034016000000001,20.982432000000003,2.09,405
5.0,3,411,123.49947360000002,9.890760000000002,21.357336,2.16,405
5.1,3,411,124.4751384,9.781032000000002,21.765768,2.23,405
5.2,3,411,125.438916,9.784080000000001,22.18944,2.27,405
5.3,3,411,126.41183760000001,9.92124,22.53996,2.27,405
5.4,3,411,127.410972,10.14984,22.811232000000004,2.25,405
5.5,3,411,128.44211040000002,10.384536,22.988016000000002,2.21,405
5.6,3,411,129.49671840000002,10.555224,23.079456,2.19,405
5.7,3,411,130.5644328,10.646664000000001,23.100792000000002,2.17,405
5.8,3,411,131.63519520000003,10.674096000000002,23.091648000000003,2.16,405
5.9,3,411,132.7029096,10.671048,23.082504000000004,2.16,405
6.0,3,411,133.76879520000003,10.664952000000001,23.091648000000003,2.17,405
6.1,3,411,134.8355952,10.664952000000001,23.07336,2.16,405
6.2,3,411,135.9020904,10.664952000000001,22.994112,2.16,405
6.3,3,411,136.9685856,10.664952000000001,22.86,2.14,405
6.4,3,411,138.0350808,10.664952000000001,22.674072000000002,2.13,405
6.5,3,411,139.101576,10.664952000000001,22.421088,2.1,405
6.6,3,411,140.1680712,10.664952000000001,22.23516,2.08,405
6.7,3,411,141.23487120000001,10.664952000000001,22.101048000000002,2.07,405
6.8,3,411,142.3013664,10.664952000000001,22.030944,2.07,405
6.9,3,411,143.36786160000003,10.664952000000001,22.015704000000003,2.06,405
7.0,3,411,144.4343568,10.664952000000001,22.05228,2.07,405
7.1,3,411,145.500852,10.664952000000001,22.11324,2.07,405
7.2,3,411,146.567652,10.664952000000001,22.186392,2.08,405
7.3,3,411,147.6393288,10.619232000000002,22.271736,2.1,405
7.4,3,411,148.7009472,10.506456,22.378416,2.13,405
7.5,3,411,149.74062,10.427208,22.506432000000004,2.16,405
7.6,3,411,150.7720632,10.427208,22.634448000000003,2.17,405
7.7,3,411,151.8120408,10.50036,22.750272000000002,2.17,405
7.8,3,411,152.87183040000002,10.603992,22.84476,2.15,405
7.9,3,411,153.9380208,10.689336,22.930104000000004,2.15,405
8.0,3,411,155.00146800000002,10.820400000000001,23.015448000000003,2.13,405
8.1,3,411,156.0838128,11.073384,23.0886,2.09,405
8.2,3,411,157.2085248,11.423904,23.146512,2.03,405
8.3,3,411,158.36828880000002,11.771376,23.198328,1.97,405
8.4,3,411,159.5707248,12.024360000000001,23.228808,1.93,405
8.5,3,411,160.79144879999998,12.155424000000002,23.247096,1.91,405
8.6,3,411,162.014916,12.192,23.259288,1.91,405
8.7,3,411,163.23472560000002,12.188952,23.274528,1.91,405
8.8,3,411,164.45240160000003,12.182856000000001,23.30196,1.91,405
8.9,3,411,165.6706872,12.182856000000001,23.280624,1.91,405
9.0,3,411,166.888668,12.188952,23.18004,1.9,405
9.1,3,411,168.107868,12.195048,22.981920000000002,1.88,405
9.2,3,411,169.330116,12.179808000000001,22.677120000000002,1.86,405
9.3,3,411,170.5505352,12.118848,22.296120000000002,1.84,405
9.4,3,411,171.75998160000003,12.024360000000001,21.820632000000003,1.81,405
9.5,3,411,172.9529688,11.948160000000001,21.448776000000002,1.8,405
9.6,3,411,174.1374216,11.948160000000001,21.119592000000004,1.77,405
9.7,3,411,175.33040880000001,12.024360000000001,20.84832,1.73,405
9.8,3,411,176.5398552,12.118848,20.577048,1.7,405
9.9,3,411,177.7605792,12.182856000000001,20.28444,1.67,405
10.0,3,411,178.98282720000003,12.198096000000001,19.991832000000002,1.64,405
10.1,3,411,180.20263680000002,12.195048,19.699224,1.62,405
10.2,3,411,181.421532,12.192,19.412712,1.59,405
10.3,3,411,182.64042720000003,12.192,19.14144,1.57,405
10.4,3,411,183.85901760000002,12.195048,18.8976,1.55,405
10.5,3,411,185.07943680000002,12.198096000000001,18.693384000000002,1.53,405
10.6,3,411,186.302904,12.167616,18.522696000000003,1.52,405
10.7,3,411,187.522104,12.073128,18.370296000000003,1.52,405
10.8,3,411,188.72454,11.942064,18.24228,1.53,405
10.9,3,411,189.9096024,11.814048,18.126456,1.53,405
11.0,3,411,191.08277760000001,11.704320000000001,18.019776,1.54,405
11.1,3,411,192.24894240000003,11.609832,17.919192,1.54,405
11.2,3,411,193.4071824,11.5062,17.824704,1.55,405
11.3,3,411,194.55140160000002,11.387328,17.745456,1.56,405
11.4,3,411,195.6828192,11.289792,17.681448,1.57,405
11.5,3,411,196.80539760000002,11.21664,17.626584,1.57,405
11.6,3,411,197.92096560000002,11.180064,17.577816000000002,1.57,405
11.7,3,411,199.03409520000002,11.201400000000001,17.538192000000002,1.57,405
11.8,3,411,200.15454,11.271504,17.483328,1.55,405
11.9,3,411,201.2893104,11.320272000000001,17.40408,1.54,405
12.0,3,411,202.43078640000002,11.289792,17.294352,1.53,405
12.1,3,411,203.5643376,11.15568,17.163288,1.54,405
12.2,3,411,204.6707616,10.954512,17.032224000000003,1.55,405
12.3,3,411,205.75005840000003,10.783824000000001,16.90116,1.57,405
12.4,3,411,206.815944,10.689336,16.773144000000002,1.57,405
12.5,3,411,207.87878160000002,10.658856,16.657320000000002,1.56,405
12.6,3,411,208.94405759999998,10.661904,16.56588,1.55,405
12.7,3,411,210.01146720000003,10.668000000000001,16.501872000000002,1.55,405
12.8,3,411,211.07826720000003,10.668000000000001,16.468344000000002,1.54,405
12.9,3,411,212.1450672,10.668000000000001,16.456152000000003,1.54,405
13.0,3,411,213.2118672,10.668000000000001,16.456152000000003,1.54,405
13.1,3,411,214.2786672,10.668000000000001,16.4592,1.54,405
13.2,3,411,215.3454672,10.668000000000001,16.462248,1.54,405
13.3,3,411,216.4122672,10.668000000000001,16.4592,1.54,405
13.4,3,411,217.47876240000002,10.668000000000001,16.4592,1.54,405
13.5,3,411,218.54556240000002,10.668000000000001,16.462248,1.54,405
13.6,3,411,219.61236240000002,10.668000000000001,16.4592,1.54,405
13.7,3,411,220.67916240000002,10.668000000000001,16.4592,1.54,405
13.8,3,411,221.74596240000002,10.668000000000001,16.4592,1.54,405
13.9,3,411,222.81276240000003,10.668000000000001,16.471392,1.54,405
14.0,3,411,223.87956240000003,10.668000000000001,16.514064,1.55,405
14.1,3,411,224.94636240000003,10.668000000000001,16.593312,1.56,405
14.2,3,411,226.01316240000003,10.668000000000001,16.70304,1.57,405
14.3,3,411,227.07996240000003,10.668000000000001,16.82496,1.58,405
14.4,3,411,228.14676240000003,10.668000000000001,16.943832,1.59,405
14.5,3,411,229.21356240000003,10.668000000000001,17.059656,1.6,405
14.6,3,411,230.2800576,10.668000000000001,17.181576,1.61,405
14.7,3,411,231.3468576,10.668000000000001,17.303496000000003,1.62,405
14.8,3,411,232.4136576,10.668000000000001,17.413224000000003,1.63,405
14.9,3,411,233.4804576,10.668000000000001,17.492472,1.64,405
15.0,3,411,234.5472576,10.668000000000001,17.535144000000003,1.64,405
15.1,3,411,235.6140576,10.664952000000001,17.54124,1.64,405
15.2,3,411,236.67994320000003,10.671048,17.535144000000003,1.64,405
15.3,3,411,237.744,10.710672,17.550384,1.64,405
15.4,3,411,238.8111048,10.832592,17.608296000000003,1.63,405
15.5,3,411,239.89497360000001,11.055096,17.684496000000003,1.6,405
15.6,3,411,241.01115120000003,11.353800000000001,17.76984,1.57,405
15.7,3,411,242.1669528,11.643360000000001,17.836896000000003,1.53,405
15.8,3,411,243.35292960000004,11.84148,17.873472,1.51,405
15.9,3,411,244.5504888,11.945112,17.89176,1.5,405
16.0,3,411,245.75018160000002,11.984736,17.910048,1.49,405
16.1,3,411,246.95231280000002,11.969496000000001,17.93748,1.5,405
16.2,3,411,248.1553584,11.875008000000001,17.980152,1.51,405
16.3,3,411,249.3459072,11.661648,18.038064000000002,1.55,405
16.4,3,411,250.5001848,11.344656,18.123408,1.6,405
16.5,3,411,251.61270480000002,11.055096,18.233136000000002,1.65,405
16.6,3,411,252.6910872,10.91184,18.370296000000003,1.68,405
16.7,3,411,253.7639832,10.984992,18.5166,1.69,405
16.8,3,411,254.8627872,11.250168,18.63852,1.66,405
16.9,3,411,256.0054824,11.59764,18.711672,1.61,405
17.0,3,411,257.1859728,11.911584,18.739104,1.57,405
17.1,3,411,258.4006008,12.118848,18.726912,1.55,405
17.2,3,411,259.627116,12.201144000000001,18.708624,1.53,405
17.3,3,411,260.8518024,12.210288000000002,18.71472,1.53,405
17.4,3,411,262.071612,12.195048,18.754344,1.54,405
17.5,3,411,263.289288,12.185903999999999,18.818352,1.54,405
17.6,3,411,264.50787840000004,12.188952,18.891504,1.55,405
17.7,3,411,265.7273832,12.192,18.970752,1.56,405
17.8,3,411,266.9465832,12.192,19.059144,1.56,405
17.9,3,411,268.1657832,12.192,19.174968,1.57,405
18.0,3,411,269.3849832,12.192,19.312128,1.58,405
18.1,3,411,270.6041832,12.192,19.467576,1.6,405
18.2,3,411,271.8233832,12.192,19.623024,1.61,405
18.3,3,411,273.0425832,12.192,19.778472,1.62,405
18.4,3,411,274.263612,12.173712,19.927824,1.64,405
18.5,3,411,275.4809832,12.13104,20.074128,1.65,405
18.6,3,411,276.6901248,12.100560000000002,20.217384,1.67,405
18.7,3,411,277.89591360000003,12.100560000000002,20.357592000000004,1.68,405
18.8,3,411,279.1047504,12.13104,20.491704000000002,1.69,405
18.9,3,411,280.3218168,12.173712,20.616672,1.69,405
19.0,3,411,281.5431504,12.192,20.74164,1.7,405
19.1,3,411,282.7623504,12.192,20.878800000000002,1.71,405
19.2,3,411,283.9812456,12.192,21.025104000000002,1.72,405
19.3,3,411,285.2004456,12.192,21.177504000000003,1.74,405
19.4,3,411,286.4196456,12.192,21.329904000000003,1.75,405
19.5,3,411,287.6388456,12.192,21.485352,1.76,405
19.6,3,411,288.8580456,12.192,21.637752,1.77,405
19.7,3,411,290.07694080000005,12.192,21.790152,1.79,405
19.8,3,411,291.2964456,12.198096000000001,21.942552,1.8,405
19.9,3,411,292.5174744,12.192,22.091904000000003,1.81,405
20.0,3,411,293.73911280000004,12.152376,22.241256,1.83,405
0.0,4,418,54.2608008,7.964424,19.562064000000003,2.46,411
0.1,4,418,55.0673016,8.141208,19.574256000000002,2.4,411
0.2,4,418,55.89330960000001,8.278368,19.568160000000002,2.36,411
0.3,4,418,56.73120480000001,8.363712000000001,19.549872,2.34,411
0.4,4,418,57.573672,8.400288,19.525488000000003,2.32,411
0.5,4,418,58.41492,8.403336000000001,19.495008000000002,2.32,411
0.6,4,418,59.2552536,8.400288,19.470624,2.32,411
0.7,4,418,60.096806400000006,8.385048000000001,19.464528,2.32,411
0.8,4,418,60.934701600000004,8.357616,19.495008000000002,2.33,411
0.9,4,418,61.7652816,8.357616,19.568160000000002,2.34,411
1.0,4,418,62.5940328,8.439912000000001,19.668744,2.33,411
1.1,4,418,63.4374144,8.622792,19.778472,2.29,411
1.2,4,418,64.31188560000001,8.85444,19.885151999999998,2.25,411
1.3,4,418,65.2153128,9.03732,19.985736,2.21,411
1.4,4,418,66.1333704,9.131808000000001,20.083272,2.2,411
1.5,4,418,67.0520376,9.153144000000001,20.171664000000003,2.2,411
1.6,4,418,67.9667424,9.144,20.238720000000004,2.21,411
1.7,4,418,68.8915056,9.043416,20.290536,2.24,411
1.8,4,418,69.79523760000001,8.811768,20.372832000000002,2.31,411
1.9,4,418,70.6532496,8.647176,20.516088000000003,2.37,411
2.0,4,418,71.4951072,8.634984,20.68068,2.39,411
2.1,4,418,72.3476328,8.80872,20.826984,2.36,411
2.2,4,418,73.2455736,9.192768000000001,20.927568,2.28,411
2.3,4,418,74.19563520000001,9.695688,20.982432000000003,2.16,411
2.4,4,418,75.2051328,10.369296000000002,20.988528000000002,2.02,411
2.5,4,418,76.28778240000001,11.241024000000001,20.921472,1.86,411
2.6,4,418,77.4536424,12.1158,20.787360000000003,1.72,411
2.7,4,418,78.6935688,12.807696000000002,20.598384,1.61,411
2.8,4,418,79.99658880000001,13.231368,20.363688000000003,1.54,411
2.9,4,418,81.34837680000001,13.411200000000001,20.083272,1.5,411
3.0,4,418,82.6992504,13.42644,19.799808,1.47,411
3.1,4,418,84.05439120000001,13.255752000000001,19.510248000000004,1.47,411
3.2,4,418,85.3549728,12.765024000000002,19.284696,1.51,411
3.3,4,418,86.57691600000001,11.890248,19.123152,1.61,411
3.4,4,418,87.70894320000001,10.78992,19.022568,1.76,411
3.5,4,418,88.74922560000002,9.8298,19.001232,1.93,411
3.6,4,418,89.70264,9.366504,19.077432,2.04,411
3.7,4,418,90.60088560000001,9.467088,19.238976,2.03,411
3.8,4,418,91.57319760000001,9.906,19.339560000000002,1.95,411
3.9,4,418,92.5802568,10.347960000000002,19.40052,1.87,411
4.0,4,418,93.6485808,10.60704,19.397472,1.83,411
4.1,4,418,94.72391520000001,10.671048,19.391376,1.82,411
4.2,4,418,95.79041040000001,10.668000000000001,19.388328,1.82,411
4.3,4,418,96.8569056,10.668000000000001,19.391376,1.82,411
4.4,4,418,97.9237056,10.668000000000001,19.394424,1.82,411
4.5,4,418,98.9905056,10.668000000000001,19.394424,1.82,411
4.6,4,418,100.0573056,10.668000000000001,19.379184000000002,1.82,411
4.7,4,418,101.12410560000001,10.668000000000001,19.345656,1.81,411
4.8,4,418,102.19090560000001,10.668000000000001,19.296888000000003,1.81,411
4.9,4,418,103.25770560000001,10.668000000000001,19.242024,1.8,411
5.0,4,418,104.33151600000001,10.603992,19.168872,1.81,411
5.1,4,418,105.39161040000002,10.457688000000001,19.083528,1.82,411
5.2,4,418,106.42274880000001,10.357104,19.016472,1.84,411
5.3,4,418,107.44352400000001,10.354056,18.967704,1.83,411
5.4,4,418,108.4746624,10.457688000000001,18.937224,1.81,411
5.5,4,418,109.534452,10.603992,18.906744,1.78,411
5.6,4,418,110.6079576,10.664952000000001,18.888456,1.77,411
5.7,4,418,111.67445280000001,10.664952000000001,18.891504,1.77,411
5.8,4,418,112.74064320000001,10.671048,18.894552,1.77,411
5.9,4,418,113.80835760000001,10.674096000000002,18.894552,1.77,411
6.0,4,418,114.87912,10.646664000000001,18.888456,1.77,411
6.1,4,418,115.94683440000001,10.552176,18.888456,1.79,411
6.2,4,418,117.0008328,10.384536,18.900648,1.82,411
6.3,4,418,118.02861840000001,10.186416000000001,18.940272,1.86,411
6.4,4,418,119.03293440000002,10.024872,19.001232,1.9,411
6.5,4,418,120.0262776,9.902952,19.074384000000002,1.93,411
6.6,4,418,121.01352480000001,9.781032000000002,19.153632,1.96,411
6.7,4,418,121.99010400000002,9.619488,19.245072,2.0,411
6.8,4,418,122.9429088,9.421368000000001,19.357848,2.05,411
6.9,4,418,123.8698056,9.256776,19.498056000000002,2.11,411
7.0,4,418,124.7829864,9.162288,19.650456000000002,2.14,411
7.1,4,418,125.6928144,9.131808000000001,19.808951999999998,2.17,411
7.2,4,418,126.6056904,9.137904,19.961351999999998,2.18,411
7.3,4,418,127.52039520000001,9.140952,20.119848,2.2,411
7.4,4,418,128.43479520000002,9.140952,20.266151999999998,2.22,411
7.5,4,418,129.34889040000002,9.140952,20.391120000000004,2.23,411
7.6,4,418,130.26329040000002,9.140952,20.509992000000004,2.24,411
7.7,4,418,131.1773856,9.140952,20.634960000000003,2.26,411
7.8,4,418,132.0914808,9.140952,20.781264000000004,2.27,411
7.9,4,418,133.00557600000002,9.140952,20.933664000000004,2.29,411
8.0,4,418,133.91997600000002,9.140952,21.083016,2.31,411
8.1,4,418,134.8340712,9.140952,21.250656,2.32,411
8.2,4,418,135.7481664,9.140952,21.460968,2.35,411
8.3,4,418,136.66226160000002,9.140952,21.704808,2.37,411
8.4,4,418,137.57666160000002,9.140952,21.994368,2.41,411
8.5,4,418,138.4907568,9.140952,22.302216,2.44,411
8.6,4,418,139.404852,9.140952,22.610064000000005,2.47,411
8.7,4,418,140.319252,9.140952,22.914864000000005,2.51,411
8.8,4,418,141.23395680000002,9.137904,23.219664,2.54,411
8.9,4,418,142.1468328,9.131808000000001,23.524464000000002,2.58,411
9.0,4,418,143.0557464,9.168384,23.832312,2.6,411
9.1,4,418,143.9674032,9.299448000000002,24.14016,2.6,411
9.2,4,418,144.8976528,9.555480000000001,24.432768,2.56,411
9.3,4,418,145.8702696,9.902952,24.679656,2.49,411
9.4,4,418,146.87824320000001,10.253472,24.880824,2.43,411
9.5,4,418,147.9343752,10.460736,25.017984000000002,2.39,411
9.6,4,418,148.998432,10.482072,25.139904,2.4,411
9.7,4,418,150.0432864,10.439400000000001,25.286208,2.42,411
9.8,4,418,151.0765584,10.430256,25.462992000000003,2.44,411
9.9,4,418,152.1137928,10.515600000000001,25.645872,2.44,411
10.0,4,418,153.1729728,10.677144,25.810464000000003,2.42,411
10.1,4,418,154.25166000000002,10.820400000000001,25.950672,2.4,411
10.2,4,418,155.33857680000003,10.94232,26.081736,2.38,411
10.3,4,418,156.4407336,11.06424,26.200608,2.37,411
10.4,4,418,157.55477760000002,11.164824000000001,26.30424,2.36,411
10.5,4,418,158.6752224,11.24712,26.404824,2.35,411
10.6,4,418,159.805116,11.332464,26.496264000000004,2.34,411
10.7,4,418,160.943544,11.396472000000001,26.578560000000003,2.33,411
10.8,4,418,162.0874584,11.436096000000001,26.636472,2.33,411
10.9,4,418,163.23472560000002,11.454384,26.676096,2.33,411
11.0,4,418,164.38077360000003,11.454384,26.703528000000002,2.33,411
11.1,4,418,165.5259072,11.448288000000002,26.721816,2.33,411
11.2,4,418,166.67073600000003,11.439144,26.737056000000003,2.34,411
11.3,4,418,167.81221200000002,11.44524,26.740104000000002,2.34,411
11.4,4,418,168.9530784,11.503152000000002,26.730960000000003,2.32,411
11.5,4,418,170.10186960000001,11.631167999999999,26.703528000000002,2.3,411
11.6,4,418,171.270168,11.82624,26.651712,2.25,411
11.7,4,418,172.4631552,12.05484,26.569416,2.2,411
11.8,4,418,173.67961200000002,12.295632000000001,26.474928000000002,2.15,411
11.9,4,418,174.92228160000002,12.530328,26.368248,2.1,411
12.0,4,418,176.1890304,12.731496000000002,26.24328,2.06,411
12.1,4,418,177.4777248,12.8778,26.087832000000002,2.03,411
12.2,4,418,178.77952560000003,12.914376,25.892760000000003,2.0,411
12.3,4,418,180.07766880000003,12.825984,25.673304,2.0,411
12.4,4,418,181.3593528,12.640056,25.456896,2.01,411
12.5,4,418,182.6120808,12.405360000000002,25.267920000000004,2.04,411
12.6,4,418,183.83676720000003,12.192,25.106376,2.06,411
12.7,4,418,185.04255600000002,12.0396,24.969216000000003,2.07,411
12.8,4,418,186.2361528,11.948160000000001,24.8412,2.08,411
12.9,4,418,187.4251776,11.905488000000002,24.71928,2.08,411
13.0,4,418,188.61359280000002,11.893296000000001,24.597360000000002,2.07,411
13.1,4,418,189.80536080000002,11.862816,24.472392000000003,2.06,411
13.2,4,418,190.9913376,11.798808000000001,24.353520000000003,2.06,411
13.3,4,418,192.1651224,11.753088000000002,24.24684,2.06,411
13.4,4,418,193.3343352,11.746992,24.143207999999998,2.06,411
13.5,4,418,194.5078152,11.771376,24.036528,2.04,411
13.6,4,418,195.6910488,11.804904,23.920704000000004,2.03,411
13.7,4,418,196.873368,11.807952000000002,23.80488,2.02,411
13.8,4,418,198.0477624,11.838432000000001,23.6982,2.0,411
13.9,4,418,199.2282528,11.954256,23.585424,1.97,411
14.0,4,418,200.4267264,12.158472000000002,23.45436,1.93,411
14.1,4,418,201.6532416,12.414503999999999,23.292816000000002,1.88,411
14.2,4,418,202.91115120000003,12.658344000000001,23.100792000000002,1.83,411
14.3,4,418,204.19374960000002,12.835128000000001,22.887432,1.78,411
14.4,4,418,205.4906736,12.92352,22.655784,1.75,411
14.5,4,418,206.7997896,12.841224000000002,22.414992,1.75,411
14.6,4,418,208.07415840000002,12.444984,22.20468,1.78,411
14.7,4,418,209.2708032,11.698224000000002,22.076664000000005,1.89,411
14.8,4,418,210.38606640000003,10.68324,22.027896,2.06,411
14.9,4,418,211.40745120000003,9.653016000000001,22.073616,2.29,411
15.0,4,418,212.3508072,8.982456,22.195536,2.47,411
15.1,4,418,213.2021136,8.817864,22.411944000000002,2.54,411
15.2,4,418,214.07445120000003,9.015984,22.603968000000002,2.51,411
15.3,4,418,214.9928136,9.339072,22.750272000000002,2.44,411
15.4,4,418,215.95750560000002,9.549384,22.853904000000004,2.39,411
15.5,4,418,216.92372160000002,9.604248,22.972776000000003,2.39,411
15.6,4,418,217.8841464,9.6012,23.128224,2.41,411
15.7,4,418,218.84426640000004,9.592056,23.323296,2.43,411
15.8,4,418,219.80103359999998,9.598152,23.551896,2.45,411
15.9,4,418,220.7562768,9.659112,23.792688000000002,2.46,411
16.0,4,418,221.71914,9.817608,24.030432,2.45,411
16.1,4,418,222.7060824,10.067544000000002,24.24684,2.41,411
16.2,4,418,223.72899120000002,10.335768,24.426672,2.36,411
16.3,4,418,224.7829896,10.543032000000002,24.563832,2.33,411
16.4,4,418,225.8525328,10.649712,24.649176000000004,2.31,411
16.5,4,418,226.92420959999998,10.677144,24.6888,2.31,411
16.6,4,418,227.991924,10.671048,24.697944000000003,2.31,411
16.7,4,418,229.05811440000002,10.668000000000001,24.707088000000002,2.32,411
16.8,4,418,230.12491440000002,10.668000000000001,24.737568,2.32,411
16.9,4,418,231.19171440000002,10.668000000000001,24.813768,2.33,411
17.0,4,418,232.25851440000002,10.668000000000001,24.926544000000003,2.34,411
17.1,4,418,233.32531440000002,10.668000000000001,25.075896,2.35,411
17.2,4,418,234.3924192,10.661904,25.234392000000003,2.37,411
17.3,4,418,235.45769520000002,10.661904,25.392888000000003,2.38,411
17.4,4,418,236.518704,10.716768,25.554432000000002,2.38,411
17.5,4,418,237.5848944,10.88136,25.703784000000002,2.36,411
17.6,4,418,238.68065040000002,11.195304,25.825704,2.31,411
17.7,4,418,239.82426000000004,11.637264,25.901904000000002,2.23,411
17.8,4,418,241.0108464,12.106656000000001,25.935432000000002,2.14,411
17.9,4,418,242.2401048,12.481560000000002,25.926288000000003,2.08,411
18.0,4,418,243.5156928,12.707112,25.868376,2.04,411
18.1,4,418,244.80103440000002,12.8016,25.804368,2.02,411
18.2,4,418,246.08576640000004,12.810744000000001,25.737312,2.01,411
18.3,4,418,247.3689744,12.77112,25.673304,2.01,411
18.4,4,418,248.64608640000003,12.697968,25.61844,2.02,411
18.5,4,418,249.9113112,12.612624000000002,25.569672,2.03,411
18.6,4,418,251.16495360000002,12.545568,25.523952,2.03,411
18.7,4,418,252.41646240000003,12.493752,25.478232000000002,2.04,411
18.8,4,418,253.6670568,12.426696000000002,25.438608,2.05,411
18.9,4,418,254.9069832,12.332208000000001,25.414224,2.06,411
19.0,4,418,256.132584,12.243816,25.411176,2.08,411
19.1,4,418,257.3490408,12.192,25.414224,2.08,411
19.2,4,418,258.56519280000003,12.182856000000001,25.417272,2.09,411
19.3,4,418,259.78439280000003,12.192,25.417272,2.08,411
19.4,4,418,261.0042024,12.192,25.414224,2.08,411
19.5,4,418,262.2234024,12.192,25.414224,2.08,411
19.6,4,418,263.4426024,12.192,25.414224,2.08,411
19.7,4,418,264.6618024,12.192,25.414224,2.08,411
19.8,4,418,265.8806976,12.192,25.414224,2.08,411
19.9,4,418,267.0998976,12.192,25.417272,2.08,411
20.0,4,418,268.3190976,12.192,25.420320000000004,2.08,411
0.0,5,426,34.9736664,6.096,19.287744,3.16,418
0.1,5,426,35.5832664,6.096,19.482816000000003,3.2,418
0.2,5,426,36.1928664,6.096,19.699224,3.23,418
0.3,5,426,36.8024664,6.096,19.927824,3.27,418
0.4,5,426,37.412676000000005,6.089904000000001,20.162520000000004,3.31,418
0.5,5,426,38.021056800000004,6.083808,20.394168,3.35,418
0.6,5,426,38.6251704,6.120384,20.628864000000004,3.37,418
0.7,5,426,39.2317224,6.2484,20.863560000000003,3.34,418
0.8,5,426,39.8562576,6.504432,21.079968,3.24,418
0.9,5,426,40.52468400000001,6.8580000000000005,21.241512,3.1,418
1.0,5,426,41.2278576,7.211568000000001,21.36648,2.96,418
1.1,5,426,41.9746176,7.464552,21.464016,2.88,418
1.2,5,426,42.7396656,7.595616000000001,21.570696,2.84,418
1.3,5,426,43.5068472,7.629144000000001,21.707856,2.85,418
1.4,5,426,44.2700664,7.626096,21.863304000000003,2.87,418
1.5,5,426,45.03145680000001,7.62,22.021800000000002,2.89,418
1.6,5,426,45.79345680000001,7.62,22.174200000000003,2.91,418
1.7,5,426,46.5557616,7.613904000000001,22.335744000000002,2.93,418
1.8,5,426,47.3165424,7.607808,22.479000000000003,2.95,418
1.9,5,426,48.0733608,7.644384,22.579584,2.95,418
2.0,5,426,48.836275199999996,7.735824,22.658832000000004,2.93,418
2.1,5,426,49.6095528,7.906512000000001,22.73808,2.88,418
2.2,5,426,50.403252,8.19912,22.841712,2.79,418
2.3,5,426,51.242976000000006,8.552688,22.95144,2.68,418
2.4,5,426,52.1165328,8.866632000000001,23.0886,2.6,418
2.5,5,426,53.0297136,9.079992,23.259288,2.56,418
2.6,5,426,53.9532576,9.150096,23.50008,2.57,418
2.7,5,426,54.868572,9.147048000000002,23.826216000000002,2.6,418
2.8,5,426,55.7820576,9.140952,24.213312000000002,2.65,418
2.9,5,426,56.6961528,9.140952,24.652224,2.7,418
3.0,5,426,57.610248,9.140952,25.088088000000003,2.74,418
3.1,5,426,58.5243432,9.140952,25.530048000000004,2.79,418
3.2,5,426,59.43813360000001,9.144,25.917144,2.83,418
3.3,5,426,60.3531432,9.150096,26.224992000000004,2.87,418
3.4,5,426,61.2715056,9.122664,26.438352,2.9,418
3.5,5,426,62.187734400000004,9.019032000000001,26.560272,2.95,418
3.6,5,426,63.089028000000006,8.82396,26.612088000000004,3.02,418
3.7,5,426,63.96167040000001,8.567928,26.639520000000005,3.11,418
3.8,5,426,64.8001752,8.327136000000001,26.773632000000003,3.22,418
3.9,5,426,65.6149056,8.16864,26.965656000000003,3.3,418
4.0,5,426,66.420492,8.095488,27.227784,3.36,418
4.1,5,426,67.2263832,8.083296,27.499056,3.4,418
4.2,5,426,68.03562720000001,8.09244,27.755088,3.43,418
4.3,5,426,68.8479192,8.074152,28.008072000000002,3.47,418
4.4,5,426,69.6641736,7.936992,28.261056,3.56,418
4.5,5,426,70.4508624,7.720584,28.538424,3.7,418
4.6,5,426,71.1948792,7.647432,28.861512,3.77,418
4.7,5,426,71.9416392,7.8364080000000005,29.181552,3.72,418
4.8,5,426,72.7499688,8.263128,29.440632,3.56,418
4.9,5,426,73.5945696,8.738616,29.663135999999998,3.39,418
5.0,5,426,74.4995208,9.019032000000001,29.830776000000004,3.31,418
5.1,5,426,75.4163592,9.116568000000001,29.974032,3.29,418
5.2,5,426,76.3338072,9.137904,30.089856,3.29,418
5.3,5,426,77.246988,9.12876,30.196536,3.31,418
5.4,5,426,78.15894960000001,9.125712,30.315407999999998,3.32,418
5.5,5,426,79.0715208,9.125712,30.461712000000002,3.34,418
5.6,5,426,79.9843968,9.119616,30.623256,3.36,418
5.7,5,426,80.895444,9.119616,30.778704,3.38,418
5.8,5,426,81.8034432,9.156192,30.9372,3.38,418
5.9,5,426,82.7151,9.275064,31.092648000000004,3.35,418
6.0,5,426,83.64321600000001,9.500616,31.235904,3.29,418
6.1,5,426,84.6042504,9.79932,31.342584000000002,3.2,418
6.2,5,426,85.60643280000001,10.067544000000002,31.3944,3.12,418
6.3,5,426,86.6372664,10.201656,31.391352,3.08,418
6.4,5,426,87.669624,10.189464000000001,31.363920000000004,3.08,418
6.5,5,426,88.683084,10.119360000000002,31.342584000000002,3.1,418
6.6,5,426,89.68191360000002,10.116312,31.330392000000003,3.1,418
6.7,5,426,90.6898872,10.219944000000002,31.299912000000003,3.06,418
6.8,5,426,91.7207208,10.369296000000002,31.223712000000003,3.01,418
6.9,5,426,92.7686232,10.491216000000001,31.101792000000003,2.96,418
7.0,5,426,93.82536480000002,10.570464000000001,30.958536,2.93,418
7.1,5,426,94.88637360000001,10.619232000000002,30.806136,2.9,418
7.2,5,426,95.95164960000001,10.65276,30.653736,2.88,418
7.3,5,426,97.0196688,10.668000000000001,30.501336,2.86,418
7.4,5,426,98.0864688,10.674096000000002,30.348936,2.84,418
7.5,5,426,99.154488,10.677144,30.193488000000002,2.83,418
7.6,5,426,100.2264696,10.640568,30.038040000000002,2.82,418
7.7,5,426,101.29540320000001,10.509504,29.882592000000002,2.84,418
7.8,5,426,102.34391520000001,10.287,29.74848,2.89,418
7.9,5,426,103.3552416,10.052304,29.650944000000003,2.95,418
8.0,5,426,104.3458416,9.854184,29.574744000000003,3.0,418
8.1,5,426,105.3215064,9.674352,29.513784,3.05,418
8.2,5,426,106.28040720000001,9.543288,29.468064000000002,3.09,418
8.3,5,426,107.2274208,9.412224,29.434535999999998,3.13,418
8.4,5,426,108.1579752,9.293352,29.419296,3.17,418
8.5,5,426,109.083348,9.229344000000001,29.407104000000004,3.19,418
8.6,5,426,110.0029296,9.168384,29.401008,3.21,418
8.7,5,426,110.9118432,9.131808000000001,29.407104000000004,3.22,418
8.8,5,426,111.825024,9.137904,29.410152,3.22,418
8.9,5,426,112.7397288,9.140952,29.407104000000004,3.22,418
9.0,5,426,113.653824,9.140952,29.401008,3.22,418
9.1,5,426,114.5679192,9.140952,29.401008,3.22,418
9.2,5,426,115.4823192,9.144,29.416248000000003,3.22,418
9.3,5,426,116.3964144,9.144,29.47416,3.22,418
9.4,5,426,117.3108144,9.140952,29.568648000000003,3.23,418
9.5,5,426,118.2249096,9.140952,29.708856,3.25,418
9.6,5,426,119.1390048,9.140952,29.858208,3.27,418
9.7,5,426,120.0534048,9.140952,29.989272000000003,3.28,418
9.8,5,426,120.9675,9.140952,30.108144000000003,3.29,418
9.9,5,426,121.8815952,9.140952,30.233112000000002,3.31,418
10.0,5,426,122.79599520000001,9.140952,30.376368,3.32,418
10.1,5,426,123.7100904,9.140952,30.540960000000002,3.34,418
10.2,5,426,124.6241856,9.140952,30.714696,3.36,418
10.3,5,426,125.5382808,9.140952,30.903672,3.38,418
10.4,5,426,126.4526808,9.140952,31.101792000000003,3.4,418
10.5,5,426,127.366776,9.140952,31.309056,3.43,418
10.6,5,426,128.2808712,9.140952,31.525464000000003,3.45,418
10.7,5,426,129.1949664,9.140952,31.747968,3.47,418
10.8,5,426,130.1093664,9.140952,31.976568,3.5,418
10.9,5,426,131.02346160000002,9.140952,32.21126400000001,3.52,418
11.0,5,426,131.93786160000002,9.140952,32.442912,3.55,418
11.1,5,426,132.8519568,9.140952,32.67456,3.57,418
11.2,5,426,133.7663568,9.140952,32.90316,3.6,418
11.3,5,426,134.6801472,9.134856000000001,33.13176,3.63,418
11.4,5,426,135.5911944,9.156192,33.36036,3.64,418
11.5,5,426,136.5037656,9.232392,33.598104000000006,3.64,418
11.6,5,426,137.4273096,9.369552,33.841944000000005,3.61,418
11.7,5,426,138.3706656,9.564624,34.09188,3.56,418
11.8,5,426,139.33932,9.768839999999999,34.341816,3.52,418
11.9,5,426,140.3302248,9.930384,34.591752,3.48,418
12.0,5,426,141.3348456,10.030968,34.85388,3.47,418
12.1,5,426,142.34495280000002,10.070592,35.13124800000001,3.49,418
12.2,5,426,143.3532312,10.076688,35.426904,3.52,418
12.3,5,426,144.3612048,10.076688,35.716464,3.54,418
12.4,5,426,145.37039760000002,10.055352000000001,35.987736,3.58,418
12.5,5,426,146.37623760000002,10.015728000000001,36.234624000000004,3.62,418
12.6,5,426,147.37598160000002,9.960864,36.460176000000004,3.66,418
12.7,5,426,148.3653624,9.924288,36.676584,3.7,418
12.8,5,426,149.34803760000003,9.988296000000002,36.886896,3.69,418
12.9,5,426,150.345648,10.168128000000001,37.078920000000004,3.65,418
13.0,5,426,151.3731288,10.387584,37.240464,3.59,418
13.1,5,426,152.4310896,10.573512,37.374576000000005,3.53,418
13.2,5,426,153.50307120000002,10.655808,37.487352,3.52,418
13.3,5,426,154.5723096,10.658856,37.594032000000006,3.53,418
13.4,5,426,155.6363664,10.65276,37.697664,3.54,418
13.5,5,426,156.6982896,10.680192,37.81044,3.54,418
13.6,5,426,157.7635656,10.771632000000002,37.926264,3.52,418
13.7,5,426,158.84164320000002,10.939272,38.032944,3.48,418
13.8,5,426,159.94319040000002,11.167872000000001,38.103048,3.41,418
13.9,5,426,161.0721696,11.423904,38.154864,3.34,418
14.0,5,426,162.22766640000003,11.676888000000002,38.197536,3.27,418
14.1,5,426,163.4109,11.905488000000002,38.243256,3.21,418
14.2,5,426,164.6172984,12.067032000000001,38.295072000000005,3.17,418
14.3,5,426,165.8346696,12.164568,38.35908,3.15,418
14.4,5,426,167.05508880000002,12.231624000000002,38.43528,3.14,418
14.5,5,426,168.278556,12.307824000000002,38.520624,3.13,418
14.6,5,426,169.51452,12.39012,38.560248,3.11,418
14.7,5,426,170.76359040000003,12.423648,38.508432000000006,3.1,418
14.8,5,426,172.01083200000002,12.387072000000002,38.374320000000004,3.1,418
14.9,5,426,173.243748,12.335256000000001,38.164008,3.09,418
15.0,5,426,174.4684344,12.335256000000001,37.88359200000001,3.07,418
15.1,5,426,175.70196,12.39012,37.499544,3.03,418
15.2,5,426,176.950116,12.4206,37.12464,2.99,418
15.3,5,426,178.198272,12.384024000000002,36.795456,2.97,418
15.4,5,426,179.4299688,12.335256000000001,36.527232000000005,2.96,418
15.5,5,426,180.6497784,12.39012,36.274248,2.93,418
15.6,5,426,181.88299920000003,12.606528,35.999928000000004,2.86,418
15.7,5,426,183.15950160000003,12.947904,35.685984000000005,2.76,418
15.8,5,426,184.4716656,13.298424,35.329368,2.66,418
15.9,5,426,185.8268064,13.551408,34.93008,2.58,418
16.0,5,426,187.20054,13.68552,34.5186,2.52,418
16.1,5,426,188.5764072,13.728192,34.128456,2.49,418
16.2,5,426,189.9537984,13.697712,33.774888000000004,2.47,418
16.3,5,426,191.32661760000002,13.584936,33.457896,2.46,418
16.4,5,426,192.68328240000002,13.402056,33.168336,2.47,418
16.5,5,426,194.015868,13.149072,32.909256,2.5,418
16.6,5,426,195.3170592,12.853416000000001,32.67456,2.54,418
16.7,5,426,196.58655120000003,12.579096000000002,32.470344000000004,2.58,418
16.8,5,426,197.825868,12.353544000000001,32.299656,2.61,418
16.9,5,426,199.0429344,12.222480000000001,32.150304000000006,2.63,418
17.0,5,426,200.2569528,12.182856000000001,32.000952,2.63,418
17.1,5,426,201.474324,12.192,31.8516,2.61,418
17.2,5,426,202.6953528,12.201144000000001,31.696152,2.6,418
17.3,5,426,203.9185152,12.170664,31.540704,2.59,418
17.4,5,426,205.13862960000003,12.079224000000002,31.379160000000002,2.6,418
17.5,5,426,206.3453328,11.911584,31.238952,2.62,418
17.6,5,426,207.52887120000003,11.682984,31.150560000000002,2.67,418
17.7,5,426,208.68497760000002,11.43,31.138368,2.72,418
17.8,5,426,209.81487120000003,11.177016000000002,31.19628,2.79,418
17.9,5,426,210.91702800000002,10.948416000000002,31.324296,2.86,418
18.0,5,426,211.9963248,10.780776,31.519368,2.92,418
18.1,5,426,213.0625152,10.689336,31.738824,2.97,418
18.2,5,426,214.12504800000002,10.658856,31.961328,3.0,418
18.3,5,426,215.1906288,10.661904,32.177736,3.02,418
18.4,5,426,216.2577336,10.668000000000001,32.388048000000005,3.04,418
18.5,5,426,217.3245336,10.668000000000001,32.586168,3.05,418
18.6,5,426,218.3913336,10.668000000000001,32.772096,3.07,418
18.7,5,426,219.4581336,10.668000000000001,32.958024,3.09,418
18.8,5,426,220.5249336,10.668000000000001,33.140904000000006,3.11,418
18.9,5,426,221.5917336,10.668000000000001,33.314640000000004,3.12,418
19.0,5,426,222.6585336,10.668000000000001,33.473136,3.14,418
19.1,5,426,223.7253336,10.668000000000001,33.622488000000004,3.15,418
19.2,5,426,224.7921336,10.668000000000001,33.77184,3.17,418
19.3,5,426,225.8589336,10.668000000000001,33.92424,3.18,418
19.4,5,426,226.9257336,10.668000000000001,34.079688000000004,3.19,418
19.5,5,426,227.9925336,10.668000000000001,34.232088000000005,3.21,418
19.6,5,426,229.0593336,10.668000000000001,34.384488000000005,3.22,418
19.7,5,426,230.1261336,10.668000000000001,34.536888000000005,3.24,418
19.8,5,426,231.1929336,10.668000000000001,34.68624,3.25,418
19.9,5,426,232.2594288,10.668000000000001,34.841688000000005,3.27,418
20.0,5,426,233.3262288,10.668000000000001,34.994088000000005,3.28,418
0.0,6,431,24.950013600000002,4.562856,10.024872,2.2,426
0.1,6,431,25.4059944,4.565904000000001,10.177272,2.23,426
0.2,6,431,25.863804000000002,4.572,10.329672,2.26,426
0.3,6,431,26.321004000000002,4.572,10.482072,2.29,426
0.4,6,431,26.779728000000002,4.55676,10.631424,2.33,426
0.5,6,431,27.2387568,4.4958,10.783824000000001,2.4,426
0.6,6,431,27.684679199999998,4.401312,10.939272,2.49,426
0.7,6,431,28.114752,4.352544,11.116056,2.55,426
0.8,6,431,28.5420816,4.376928,11.314176,2.58,426
0.9,6,431,28.980688800000003,4.459224000000001,11.542776,2.59,426
1.0,6,431,29.4363648,4.54152,11.792712,2.6,426
1.1,6,431,29.896917600000002,4.572,12.079224000000002,2.64,426
1.2,6,431,30.354117600000002,4.572,12.384024000000002,2.71,426
1.3,6,431,30.8116224,4.565904000000001,12.69492,2.78,426
1.4,6,431,31.267603200000003,4.559808,13.002768,2.85,426
1.5,6,431,31.7193168,4.5963840000000005,13.313664000000001,2.9,426
1.6,6,431,32.1734688,4.7244,13.621512,2.88,426
1.7,6,431,32.645604000000006,4.980432,13.911072,2.79,426
1.8,6,431,33.1616304,5.3340000000000005,14.154912,2.65,426
1.9,6,431,33.713013600000004,5.681472,14.359128,2.53,426
2.0,6,431,34.3064592,5.931408,14.529816000000002,2.45,426
2.1,6,431,34.91484,6.089904000000001,14.694408000000001,2.41,426
2.2,6,431,35.529316800000004,6.205728000000001,14.87424,2.4,426
2.3,6,431,36.1550712,6.306312000000001,15.0876,2.39,426
2.4,6,431,36.7975896,6.348984,15.319248,2.41,426
2.5,6,431,37.4437656,6.275832,15.584424000000002,2.48,426
2.6,6,431,38.0683008,6.096,15.886176,2.61,426
2.7,6,431,38.662660800000005,5.916168000000001,16.206216,2.74,426
2.8,6,431,39.239342400000005,5.809488,16.541496000000002,2.85,426
2.9,6,431,39.8135856,5.779008,16.882872000000003,2.92,426
3.0,6,431,40.392096,5.779008,17.218152,2.98,426
3.1,6,431,40.969692,5.7851040000000005,17.553432,3.03,426
3.2,6,431,41.5408872,5.8613040000000005,17.897856,3.05,426
3.3,6,431,42.119397600000006,6.105144000000001,18.233136000000002,2.99,426
3.4,6,431,42.758258399999995,6.559296,18.513552,2.82,426
3.5,6,431,43.448630400000006,7.193280000000001,18.739104,2.61,426
3.6,6,431,44.203010400000004,7.89432,18.885408,2.39,426
3.7,6,431,45.015912,8.4582,18.946368,2.24,426
3.8,6,431,45.89099280000001,8.766048000000001,18.909792,2.16,426
3.9,6,431,46.7932008,8.814816,18.8214,2.14,426
4.0,6,431,47.672244000000006,8.720328,18.748248,2.15,426
4.1,6,431,48.532694400000004,8.631936000000001,18.693384000000002,2.17,426
4.2,6,431,49.38887760000001,8.613648000000001,18.647664000000002,2.16,426
4.3,6,431,50.24749920000001,8.674608000000001,18.598896000000003,2.14,426
4.4,6,431,51.11648400000001,8.772144,18.54708,2.11,426
4.5,6,431,51.9991848,8.878824,18.452592,2.08,426
4.6,6,431,52.89804000000001,8.964168,18.297144000000003,2.04,426
4.7,6,431,53.8008576,8.9916,18.141696000000003,2.02,426
4.8,6,431,54.694836,9.034272000000001,18.056352,2.0,426
4.9,6,431,55.5927768,9.180576,18.001488000000002,1.96,426
5.0,6,431,56.512968,9.442704,17.986248,1.9,426
5.1,6,431,57.47369760000001,9.756648,17.943576,1.84,426
5.2,6,431,58.47344160000001,10.012680000000001,17.86128,1.78,426
5.3,6,431,59.490864,10.177272,17.757648,1.74,426
5.4,6,431,60.5146872,10.30224,17.644872,1.71,426
5.5,6,431,61.551616800000005,10.399776,17.519904,1.68,426
5.6,6,431,62.6031768,10.433304,17.382744000000002,1.67,426
5.7,6,431,63.6538224,10.381488000000001,17.242536,1.66,426
5.8,6,431,64.684656,10.299192,17.117568,1.66,426
5.9,6,431,65.6999448,10.293096000000002,17.013936,1.65,426
6.0,6,431,66.7255968,10.402824,16.9164,1.63,426
6.1,6,431,67.7759376,10.546080000000002,16.828008,1.6,426
6.2,6,431,68.8549296,10.539984,16.751808,1.59,426
6.3,6,431,69.91471920000001,10.329672,16.721328,1.62,426
6.4,6,431,70.923912,10.155936,16.745712,1.65,426
6.5,6,431,71.9135976,10.14984,16.770096000000002,1.65,426
6.6,6,431,72.9215712,10.317480000000002,16.760952000000003,1.62,426
6.7,6,431,73.9767888,10.555224,16.712184,1.58,426
6.8,6,431,75.0536472,10.658856,16.666464,1.56,426
6.9,6,431,76.1198376,10.658856,16.648176,1.56,426
7.0,6,431,77.1863328,10.655808,16.639032,1.56,426
7.1,6,431,78.251304,10.649712,16.635984,1.56,426
7.2,6,431,79.3138368,10.664952000000001,16.639032,1.56,426
7.3,6,431,80.37789360000001,10.719816000000002,16.64208,1.55,426
7.4,6,431,81.4507896,10.823447999999999,16.635984,1.54,426
7.5,6,431,82.5380112,10.963656,16.617696000000002,1.52,426
7.6,6,431,83.64321600000001,11.103864,16.584168,1.49,426
7.7,6,431,84.7651848,11.192256,16.529304,1.48,426
7.8,6,431,85.8935544,11.201400000000001,16.450056,1.47,426
7.9,6,431,87.01521840000001,11.146536000000001,16.340328,1.47,426
8.0,6,431,88.12286160000001,11.088624000000001,16.224504,1.46,426
8.1,6,431,89.22471360000002,11.082528,16.096488,1.45,426
8.2,6,431,90.3344904,11.097768,15.947136,1.44,426
8.3,6,431,91.4509728,11.067288000000001,15.776448,1.43,426
8.4,6,431,92.56014,10.963656,15.596616000000001,1.42,426
8.5,6,431,93.64827600000001,10.829544,15.435072000000002,1.43,426
8.6,6,431,94.72025760000001,10.725912,15.282672000000002,1.42,426
8.7,6,431,95.7888864,10.640568,15.124176,1.42,426
8.8,6,431,96.856296,10.503408,14.968728,1.43,426
8.9,6,431,97.9069416,10.253472,14.831567999999999,1.45,426
9.0,6,431,98.91522,9.906,14.740128,1.49,426
9.1,6,431,99.8884464,9.555480000000001,14.679167999999999,1.54,426
9.2,6,431,100.81839120000001,9.302496,14.663928,1.58,426
9.3,6,431,101.7303528,9.171432000000001,14.666976,1.6,426
9.4,6,431,102.63957120000002,9.134856000000001,14.670024000000002,1.61,426
9.5,6,431,103.5524472,9.137904,14.673072000000001,1.61,426
9.6,6,431,104.47507680000001,9.073896,14.663928,1.62,426
9.7,6,431,105.3818568,8.918448000000001,14.670024000000002,1.65,426
9.8,6,431,106.2581568,8.805672000000001,14.709648,1.67,426
9.9,6,431,107.12592240000001,8.775192,14.755367999999999,1.68,426
10.0,6,431,108.001308,8.79348,14.794992,1.68,426
10.1,6,431,108.8919336,8.811768,14.819376,1.68,426
10.2,6,431,109.77311040000001,8.775192,14.849856,1.69,426
10.3,6,431,110.63691360000001,8.77824,14.901672000000001,1.7,426
10.4,6,431,111.515652,8.860536,14.938248,1.69,426
10.5,6,431,112.41450720000002,8.909304,14.953488000000002,1.68,426
10.6,6,431,113.3167152,8.8392,14.962632000000001,1.69,426
10.7,6,431,114.1966728,8.674608000000001,14.999208000000001,1.73,426
10.8,6,431,115.049808,8.506968,15.060167999999999,1.77,426
10.9,6,431,115.89044640000002,8.382,15.133320000000001,1.81,426
11.0,6,431,116.72559840000001,8.257032,15.212568,1.84,426
11.1,6,431,117.5494728,8.095488,15.300960000000002,1.89,426
11.2,6,431,118.35018240000001,7.897368,15.416784,1.95,426
11.3,6,431,119.1246792,7.732776,15.553944000000001,2.01,426
11.4,6,431,119.88515520000001,7.638288,15.706344000000001,2.06,426
11.5,6,431,120.64288800000001,7.610856,15.861792000000001,2.08,426
11.6,6,431,121.40336400000001,7.613904000000001,16.023336,2.1,426
11.7,6,431,122.1656688,7.62,16.206216,2.13,426
11.8,6,431,122.9276688,7.6169519999999995,16.410432,2.15,426
11.9,6,431,123.68936400000001,7.6169519999999995,16.64208,2.18,426
12.0,6,431,124.45075440000001,7.623048000000001,16.882872000000003,2.21,426
12.1,6,431,125.21458320000002,7.62,17.12976,2.25,426
12.2,6,431,125.9778024,7.592568,17.376648,2.29,426
12.3,6,431,126.73248720000001,7.58952,17.629632,2.32,426
12.4,6,431,127.4844288,7.662672000000001,17.885664000000002,2.33,426
12.5,6,431,128.2497816,7.827264,18.126456,2.32,426
12.6,6,431,129.0413472,8.055864,18.33372,2.28,426
12.7,6,431,129.8603448,8.314944,18.504408,2.23,426
12.8,6,431,130.70067840000002,8.592312000000002,18.647664000000002,2.17,426
12.9,6,431,131.5754544,8.948928,18.769584000000002,2.1,426
13.0,6,431,132.4922928,9.366504,18.882360000000002,2.02,426
13.1,6,431,133.4454024,9.741408000000002,18.985992,1.95,426
13.2,6,431,134.4460608,10.015728000000001,19.056096,1.9,426
13.3,6,431,135.4671408,10.158984,19.104864,1.88,426
13.4,6,431,136.49004960000002,10.204704,19.147536000000002,1.88,426
13.5,6,431,137.5123488,10.216896000000002,19.187160000000002,1.88,426
13.6,6,431,138.5352576,10.219944000000002,19.229832000000002,1.88,426
13.7,6,431,139.55664240000002,10.216896000000002,19.284696,1.89,426
13.8,6,431,140.5795512,10.204704,19.363944,1.9,426
13.9,6,431,141.599412,10.183368,19.473672,1.91,426
14.0,6,431,142.6137864,10.186416000000001,19.613879999999998,1.93,426
14.1,6,431,143.62724640000002,10.247376,19.784568,1.93,426
14.2,6,431,144.65167920000002,10.390632000000002,19.9644,1.92,426
14.3,6,431,145.69958160000002,10.570464000000001,20.135088000000003,1.9,426
14.4,6,431,146.7700392,10.725912,20.28444,1.89,426
14.5,6,431,147.860004,10.762488000000001,20.418552,1.9,426
14.6,6,431,148.94509200000002,10.63752,20.570952,1.93,426
14.7,6,431,149.9954328,10.497311999999999,20.769072,1.98,426
14.8,6,431,151.0219992,10.515600000000001,20.988528000000002,2.0,426
14.9,6,431,152.06929200000002,10.768584,21.174456,1.97,426
15.0,6,431,153.1717536,11.24712,21.296376000000002,1.89,426
15.1,6,431,154.3208496,11.762232000000001,21.38172,1.82,426
15.2,6,431,155.5147512,12.155424000000002,21.436584,1.76,426
15.3,6,431,156.7583352,12.396216,21.439632000000003,1.73,426
15.4,6,431,158.01502560000003,12.4968,21.415248000000002,1.71,426
15.5,6,431,159.2683632,12.502896000000002,21.38172,1.71,426
15.6,6,431,160.5177384,12.493752,21.36648,1.71,426
15.7,6,431,161.7655896,12.4968,21.393912,1.71,426
15.8,6,431,163.011612,12.545568,21.460968,1.71,426
15.9,6,431,164.2634256,12.673584,21.564600000000002,1.7,426
16.0,6,431,165.5344416,12.8778,21.665184,1.68,426
16.1,6,431,166.835328,13.103352000000001,21.741384,1.66,426
16.2,6,431,168.1639512,13.267944000000002,21.790152,1.64,426
16.3,6,431,169.50385200000002,13.335,21.82368,1.64,426
16.4,6,431,170.8407048,13.341096000000002,21.841968,1.64,426
16.5,6,431,172.1729856,13.328904,21.841968,1.64,426
16.6,6,431,173.5049616,13.313664000000001,21.811488,1.64,426
16.7,6,431,174.83724240000004,13.301472,21.750528,1.64,426
16.8,6,431,176.1643416,13.30452,21.662136,1.63,426
16.9,6,431,177.48930719999998,13.362432000000002,21.552408,1.61,426
17.0,6,431,178.8267696,13.481304,21.430488,1.59,426
17.1,6,431,180.18465360000002,13.612368,21.29028,1.56,426
17.2,6,431,181.5565584,13.697712,21.13788,1.54,426
17.3,6,431,182.93364480000002,13.722096000000002,20.98548,1.53,426
17.4,6,431,184.30829280000003,13.682472,20.830032000000003,1.52,426
17.5,6,431,185.67684480000003,13.600176,20.668488,1.52,426
17.6,6,431,187.0350336,13.466064000000001,20.494752,1.52,426
17.7,6,431,188.37493440000003,13.298424,20.308824,1.53,426
17.8,6,431,189.696852,13.112496000000002,20.1168,1.53,426
17.9,6,431,190.9962144,12.932664,19.921728,1.54,426
18.0,6,431,192.2745456,12.829032000000002,19.720560000000003,1.54,426
18.1,6,431,193.5473904,12.813792000000001,19.516344,1.52,426
18.2,6,431,194.8263312,12.868656,19.299936000000002,1.5,426
18.3,6,431,196.1211216,12.938760000000002,19.068288000000003,1.47,426
18.4,6,431,197.42597039999998,12.917424000000002,18.830544,1.46,426
18.5,6,431,198.7222848,12.77112,18.601944,1.46,426
18.6,6,431,199.99726320000002,12.515088000000002,18.39468,1.47,426
18.7,6,431,201.2329224,12.204192,18.223992,1.49,426
18.8,6,431,202.4289576,11.957303999999999,18.095976,1.51,426
18.9,6,431,203.6045712,11.844528,17.986248,1.52,426
19.0,6,431,204.781404,11.84148,17.87652,1.51,426
19.1,6,431,205.9704288,11.856720000000001,17.7546,1.5,426
19.2,6,431,207.161892,11.820144,17.629632,1.49,426
19.3,6,431,208.34055360000002,11.746992,17.519904,1.49,426
19.4,6,431,209.5048896,11.716512,17.41932,1.49,426
19.5,6,431,210.668616,11.783567999999999,17.324832,1.47,426
19.6,6,431,211.85002080000004,11.93292,17.209008,1.44,426
19.7,6,431,213.05459040000002,12.08532,17.071848,1.41,426
19.8,6,431,214.2762288,12.179808000000001,16.9164,1.39,426
19.9,6,431,215.50487760000001,12.170664,16.754856,1.38,426
20.0,6,431,216.72712560000002,12.033503999999999,16.599408,1.38,426
0.0,7,440,11.2751616,6.071616000000001,13.673328,2.25,431
0.1,7,440,11.8847616,6.071616000000001,13.520928000000001,2.23,431
0.2,7,440,12.4943616,6.071616000000001,13.368528000000001,2.2,431
0.3,7,440,13.1039616,6.071616000000001,13.216128000000001,2.18,431
0.4,7,440,13.7135616,6.071616000000001,13.066775999999999,2.15,431
0.5,7,440,14.3292576,6.071616000000001,12.908280000000001,2.13,431
0.6,7,440,14.9419056,5.9436,12.743688,2.14,431
0.7,7,440,15.5365704,5.687568000000001,12.579096000000002,2.21,431
0.8,7,440,16.087344,5.3340000000000005,12.454128,2.33,431
0.9,7,440,16.6033704,4.980432,12.377928,2.49,431
1.0,7,440,17.0755056,4.7244,12.35964,2.62,431
1.1,7,440,17.5293528,4.5963840000000005,12.368784,2.69,431
1.2,7,440,17.981066400000003,4.559808,12.371832000000001,2.71,431
1.3,7,440,18.437352,4.565904000000001,12.374880000000001,2.71,431
1.4,7,440,18.8951616,4.572,12.371832000000001,2.71,431
1.5,7,440,19.352361600000002,4.572,12.365736,2.7,431
1.6,7,440,19.809561600000002,4.572,12.362688000000002,2.7,431
1.7,7,440,20.266761600000002,4.572,12.377928,2.71,431
1.8,7,440,20.723961600000003,4.572,12.438888000000002,2.72,431
1.9,7,440,21.181161600000003,4.572,12.530328,2.74,431
2.0,7,440,21.6380568,4.572,12.667488,2.77,431
2.1,7,440,22.0952568,4.572,12.819888,2.8,431
2.2,7,440,22.5524568,4.572,12.975336,2.84,431
2.3,7,440,23.009961600000004,4.572,13.146024,2.88,431
2.4,7,440,23.467161600000004,4.572,13.328904,2.92,431
2.5,7,440,23.9243616,4.572,13.517880000000002,2.96,431
2.6,7,440,24.3815616,4.572,13.68552,2.99,431
2.7,7,440,24.8384568,4.572,13.822680000000002,3.02,431
2.8,7,440,25.2956568,4.572,13.944600000000001,3.05,431
2.9,7,440,25.7528568,4.572,14.060424000000001,3.08,431
3.0,7,440,26.2100568,4.572,14.182344,3.1,431
3.1,7,440,26.6672568,4.572,14.301216000000002,3.13,431
3.2,7,440,27.129943200000003,4.523232,14.410944,3.19,431
3.3,7,440,27.5825712,4.40436,14.535912,3.3,431
3.4,7,440,28.011120000000002,4.319016,14.746224000000002,3.41,431
3.5,7,440,28.427172000000002,4.352544,15.020544000000001,3.45,431
3.6,7,440,28.853587200000003,4.562856,15.349728,3.36,431
3.7,7,440,29.3287704,4.9316640000000005,15.688056,3.18,431
3.8,7,440,29.842358400000002,5.3340000000000005,16.04772,3.01,431
3.9,7,440,30.392827200000003,5.687568000000001,16.401288,2.88,431
4.0,7,440,30.987492000000003,5.940551999999999,16.684752000000003,2.81,431
4.1,7,440,31.60014,6.071616000000001,16.93164,2.79,431
4.2,7,440,32.2149216,6.105144000000001,17.172432,2.81,431
4.3,7,440,32.8263504,6.096,17.422368,2.86,431
4.4,7,440,33.4341216,6.083808,17.681448,2.91,431
4.5,7,440,34.0382352,6.117336000000001,17.961864000000002,2.94,431
4.6,7,440,34.6444824,6.2484,18.254472,2.92,431
4.7,7,440,35.2693224,6.504432,18.53184,2.85,431
4.8,7,440,35.9377488,6.8580000000000005,18.757392,2.74,431
4.9,7,440,36.6409224,7.211568000000001,18.952464000000003,2.63,431
5.0,7,440,37.3876824,7.464552,19.1262,2.56,431
5.1,7,440,38.1527304,7.595616000000001,19.321272,2.54,431
5.2,7,440,38.9208264,7.626096,19.552920000000004,2.56,431
5.3,7,440,39.6825216,7.613904000000001,19.808951999999998,2.6,431
5.4,7,440,40.439644799999996,7.638288,20.074128,2.63,431
5.5,7,440,41.2001208,7.726680000000001,20.351496,2.63,431
5.6,7,440,41.9737032,7.89432,20.628864000000004,2.61,431
5.7,7,440,42.7704504,8.125968,20.881848,2.57,431
5.8,7,440,43.5952392,8.382,21.089112,2.52,431
5.9,7,440,44.4468504,8.638032,21.253704000000003,2.46,431
6.0,7,440,45.3261984,8.86968,21.400008,2.41,431
6.1,7,440,46.229016,9.034272000000001,21.546312,2.39,431
6.2,7,440,47.144940000000005,9.125712,21.710904000000003,2.38,431
6.3,7,440,48.0633024,9.153144000000001,21.851112,2.39,431
6.4,7,440,48.9834936,9.107424,21.939504000000003,2.41,431
6.5,7,440,49.893016800000005,9.003792,22.021800000000002,2.45,431
6.6,7,440,50.784252,8.93064,22.137624,2.48,431
6.7,7,440,51.6663432,8.924544000000001,22.31136,2.5,431
6.8,7,440,52.551482400000005,9.025128,22.503384,2.49,431
6.9,7,440,53.4579576,9.250680000000001,22.66188,2.45,431
7.0,7,440,54.3918648,9.546336,22.792944000000002,2.39,431
7.1,7,440,55.364481600000005,9.902952,22.887432,2.31,431
7.2,7,440,56.372455200000005,10.274808,22.942296,2.23,431
7.3,7,440,57.422796000000005,10.573512,22.954488,2.17,431
7.4,7,440,58.5005688,10.765536,22.95144,2.13,431
7.5,7,440,59.5877904,10.878312,22.95144,2.11,431
7.6,7,440,60.679584000000006,10.963656,22.963632,2.09,431
7.7,7,440,61.779912,11.042904,22.984968,2.08,431
7.8,7,440,62.8906032,11.109960000000001,23.003256,2.07,431
7.9,7,440,64.00708560000001,11.149584,23.009352,2.06,431
8.0,7,440,65.1238728,11.161776,23.000208,2.06,431
8.1,7,440,66.2415744,11.15568,22.981920000000002,2.06,431
8.2,7,440,67.3614096,11.091672,22.972776000000003,2.07,431
8.3,7,440,68.48246400000001,10.856976,22.969728,2.12,431
8.4,7,440,69.5413392,10.439400000000001,23.018496,2.2,431
8.5,7,440,70.5676008,10.101072,23.079456,2.28,431
8.6,7,440,71.5383888,10.015728000000001,23.183088,2.31,431
8.7,7,440,72.5283792,10.195560000000002,23.259288,2.28,431
8.8,7,440,73.5698808,10.482072,23.286720000000003,2.22,431
8.9,7,440,74.6446056,10.631424,23.262335999999998,2.19,431
9.0,7,440,75.71232,10.65276,23.204424,2.18,431
9.1,7,440,76.7785104,10.643616000000002,23.109935999999998,2.17,431
9.2,7,440,77.8410432,10.640568,22.978872000000003,2.16,431
9.3,7,440,78.90144240000001,10.686288000000001,22.829520000000002,2.14,431
9.4,7,440,79.96641360000001,10.808208,22.674072000000002,2.1,431
9.5,7,440,81.0490632,11.024616000000002,22.503384,2.04,431
9.6,7,440,82.16158320000001,11.314176,22.314408,1.97,431
9.7,7,440,83.31128880000001,11.603736000000001,22.070568,1.9,431
9.8,7,440,84.49452240000001,11.795760000000001,21.76272,1.85,431
9.9,7,440,85.69269120000001,11.838432000000001,21.433536,1.81,431
10.0,7,440,86.8808016,11.762232000000001,21.119592000000004,1.8,431
10.1,7,440,88.04666160000001,11.667744,20.845272,1.79,431
10.2,7,440,89.202768,11.634216,20.570952,1.77,431
10.3,7,440,90.36862800000002,11.625072000000001,20.2692,1.74,431
10.4,7,440,91.5408888,11.530584,19.973544,1.73,431
10.5,7,440,92.6951664,11.30808,19.720560000000003,1.74,431
10.6,7,440,93.81103920000001,11.027664,19.5072,1.77,431
10.7,7,440,94.8912504,10.802112,19.306032000000002,1.79,431
10.8,7,440,95.9543928,10.686288000000001,19.09572,1.79,431
10.9,7,440,97.01692560000001,10.658856,18.873216000000003,1.77,431
11.0,7,440,98.08250640000001,10.664952000000001,18.641568,1.75,431
11.1,7,440,99.1493064,10.674096000000002,18.400776,1.72,431
11.2,7,440,100.2176304,10.677144,18.132552,1.7,431
11.3,7,440,101.289612,10.640568,17.833848,1.68,431
11.4,7,440,102.3588504,10.509504,17.526,1.67,431
11.5,7,440,103.41010560000001,10.25652,17.233392000000002,1.68,431
11.6,7,440,104.41289760000001,9.838944000000001,16.989552,1.73,431
11.7,7,440,105.36966480000001,9.336024,16.797528,1.8,431
11.8,7,440,106.2834552,8.97636,16.645128,1.85,431
11.9,7,440,107.14756320000001,8.848344,16.541496000000002,1.87,431
12.0,7,440,108.0232536,8.891016,16.428720000000002,1.85,431
12.1,7,440,108.9303384,8.958072000000001,16.285464,1.82,431
12.2,7,440,109.8395568,8.863584,16.13916,1.82,431
12.3,7,440,110.7158568,8.659368,16.01724,1.85,431
12.4,7,440,111.5665536,8.494776,15.916656,1.87,431
12.5,7,440,112.40353440000001,8.400288,15.846552,1.89,431
12.6,7,440,113.2371624,8.372856,15.803880000000001,1.89,431
12.7,7,440,114.0735336,8.378952,15.785592000000001,1.88,431
12.8,7,440,114.91325760000001,8.388096,15.78864,1.88,431
12.9,7,440,115.75542,8.360664,15.81912,1.89,431
13.0,7,440,116.59453440000001,8.266176000000002,15.898368,1.92,431
13.1,7,440,117.4199328,8.101583999999999,16.026384,1.98,431
13.2,7,440,118.2200328,7.897368,16.227552000000003,2.05,431
13.3,7,440,118.9945296,7.732776,16.471392,2.13,431
13.4,7,440,119.7550056,7.638288,16.733520000000002,2.19,431
13.5,7,440,120.51304320000001,7.60476,16.998696000000002,2.24,431
13.6,7,440,121.2723,7.60476,17.263872000000003,2.27,431
13.7,7,440,122.0306424,7.638288,17.526,2.29,431
13.8,7,440,122.7914232,7.729728000000001,17.788128,2.3,431
13.9,7,440,123.56531040000002,7.897368,18.035016000000002,2.28,431
14.0,7,440,124.3623624,8.125968,18.251424,2.25,431
14.1,7,440,125.18745600000001,8.378952,18.4404,2.2,431
14.2,7,440,126.0384576,8.634984,18.614136000000002,2.16,431
14.3,7,440,126.91750080000001,8.863584,18.781776,2.12,431
14.4,7,440,127.8197088,9.031224,18.949416000000003,2.1,431
14.5,7,440,128.73471840000002,9.119616,19.1262,2.1,431
14.6,7,440,129.6533856,9.144,19.290792,2.11,431
14.7,7,440,130.5674808,9.137904,19.427952,2.13,431
14.8,7,440,131.4773088,9.162288,19.543776,2.13,431
14.9,7,440,132.3904896,9.253728,19.677888000000003,2.13,431
15.0,7,440,133.3167768,9.421368000000001,19.854672,2.11,431
15.1,7,440,134.2662288,9.649968000000001,20.05584,2.08,431
15.2,7,440,135.24341760000001,9.902952,20.272248,2.05,431
15.3,7,440,136.247124,10.158984,20.509992000000004,2.02,431
15.4,7,440,137.2782624,10.387584,20.735544,2.0,431
15.5,7,440,138.33287040000002,10.552176,20.936712,1.98,431
15.6,7,440,139.40028,10.643616000000002,21.116544,1.98,431
15.7,7,440,140.4707376,10.674096000000002,21.296376000000002,2.0,431
15.8,7,440,141.53875680000002,10.671048,21.473160000000004,2.01,431
15.9,7,440,142.6040328,10.671048,21.659088,2.03,431
16.0,7,440,143.6699184,10.698480000000002,21.863304000000003,2.04,431
16.1,7,440,144.73946160000003,10.753344,22.094952,2.05,431
16.2,7,440,145.8169296,10.826496000000002,22.347936,2.06,431
16.3,7,440,146.9035416,10.914888000000001,22.600920000000002,2.07,431
16.4,7,440,148.0038696,10.972800000000001,22.835616,2.08,431
16.5,7,440,149.1038928,10.98804,23.070312,2.1,431
16.6,7,440,150.194772,11.085576,23.311104000000004,2.1,431
16.7,7,440,151.29784320000002,11.326367999999999,23.539704000000004,2.08,431
16.8,7,440,152.4493776,11.664696000000001,23.713440000000002,2.03,431
16.9,7,440,153.6371832,11.990832000000001,23.8506,1.99,431
17.0,7,440,154.8630888,12.16152,23.963376000000004,1.97,431
17.1,7,440,156.0877752,12.195048,24.097488000000002,1.98,431
17.2,7,440,157.3069752,12.188952,24.249888000000002,1.99,431
17.3,7,440,158.52465120000002,12.182856000000001,24.408384,2.0,431
17.4,7,440,159.74293680000002,12.182856000000001,24.56688,2.02,431
17.5,7,440,160.96152720000003,12.182856000000001,24.716232,2.03,431
17.6,7,440,162.1804224,12.179808000000001,24.853392000000003,2.04,431
17.7,7,440,163.39748880000002,12.173712,24.978360000000002,2.05,431
17.8,7,440,164.6105928,12.216384,25.08504,2.05,431
17.9,7,440,165.82644,12.356592000000001,25.170384000000002,2.04,431
18.0,7,440,167.063928,12.633960000000002,25.210008,2.0,431
18.1,7,440,168.34866000000002,13.024104,25.197816000000003,1.93,431
18.2,7,440,169.668444,13.405104,25.158192000000003,1.88,431
18.3,7,440,171.03791040000002,13.645896000000002,25.081992000000003,1.84,431
18.4,7,440,172.42261680000001,13.722096000000002,25.002744,1.82,431
18.5,7,440,173.7966552,13.70076,24.926544000000003,1.82,431
18.6,7,440,175.1588064,13.682472,24.838152,1.82,431
18.7,7,440,176.52492,13.719048,24.707088000000002,1.8,431
18.8,7,440,177.902616,13.758672,24.527256,1.78,431
18.9,7,440,179.28336000000002,13.764768,24.319992000000003,1.77,431
19.0,7,440,180.6601416,13.737336,24.121872,1.76,431
19.1,7,440,182.0299128,13.709904,23.94204,1.75,431
19.2,7,440,183.3960264,13.734288000000001,23.765256,1.73,431
19.3,7,440,184.7664072,13.828776,23.573232,1.7,431
19.4,7,440,186.1511136,13.996416000000002,23.353776000000003,1.67,431
19.5,7,440,187.5605088,14.194536000000001,23.106888,1.63,431
19.6,7,440,188.9982504,14.334744,22.850856,1.59,431
19.7,7,440,190.4448312,14.35608,22.610064000000005,1.57,431
19.8,7,440,191.882268,14.307312,22.393656,1.57,431
19.9,7,440,193.3062936,14.240256,22.198584,1.56,431
20.0,7,440,194.723004,14.212824000000001,22.003512,1.55,431
